corpus,sub,year,metric,num,den,pct
PubMed abstracts,all,1990,M1 % articles reporting P,20882,278716,7.492214296990485
PubMed abstracts,all,1990,M2 % exact (=) among P reports,8348,49634,16.819115928597334
PubMed abstracts,all,1990,M3 % articles with >=1 P<=.05,20465,20882,98.00306484053252
PubMed abstracts,all,1990,M4 % articles with >=1 P<=.005,9688,20882,46.39402356096159
PubMed abstracts,all,1991,M1 % articles reporting P,22765,281501,8.087005019520356
PubMed abstracts,all,1991,M2 % exact (=) among P reports,9922,55169,17.984737805651726
PubMed abstracts,all,1991,M3 % articles with >=1 P<=.05,22305,22765,97.97935427190863
PubMed abstracts,all,1991,M4 % articles with >=1 P<=.005,10510,22765,46.16736217878322
PubMed abstracts,all,1992,M1 % articles reporting P,25095,287106,8.740674176088275
PubMed abstracts,all,1992,M2 % exact (=) among P reports,12639,61007,20.71729473666956
PubMed abstracts,all,1992,M3 % articles with >=1 P<=.05,24478,25095,97.54134289699144
PubMed abstracts,all,1992,M4 % articles with >=1 P<=.005,11768,25095,46.89380354652321
PubMed abstracts,all,1993,M1 % articles reporting P,27237,292438,9.313769072418769
PubMed abstracts,all,1993,M2 % exact (=) among P reports,15673,68442,22.899681482130855
PubMed abstracts,all,1993,M3 % articles with >=1 P<=.05,26255,27237,96.39461027279069
PubMed abstracts,all,1993,M4 % articles with >=1 P<=.005,12914,27237,47.41344494621287
PubMed abstracts,all,1994,M1 % articles reporting P,29583,300383,9.848426841732055
PubMed abstracts,all,1994,M2 % exact (=) among P reports,18934,74618,25.374574499450535
PubMed abstracts,all,1994,M3 % articles with >=1 P<=.05,28446,29583,96.15657641212859
PubMed abstracts,all,1994,M4 % articles with >=1 P<=.005,14149,29583,47.828144542473716
PubMed abstracts,all,1995,M1 % articles reporting P,31986,309682,10.32865972190828
PubMed abstracts,all,1995,M2 % exact (=) among P reports,23163,83310,27.80338494778538
PubMed abstracts,all,1995,M3 % articles with >=1 P<=.05,30706,31986,95.99824923403989
PubMed abstracts,all,1995,M4 % articles with >=1 P<=.005,15304,31986,47.84593259551053
PubMed abstracts,all,1996,M1 % articles reporting P,34368,315735,10.885077675899092
PubMed abstracts,all,1996,M2 % exact (=) among P reports,26216,90922,28.83350564219881
PubMed abstracts,all,1996,M3 % articles with >=1 P<=.05,32990,34368,95.99045623836126
PubMed abstracts,all,1996,M4 % articles with >=1 P<=.005,16698,34368,48.585893854748605
PubMed abstracts,all,1997,M1 % articles reporting P,36618,324663,11.278772142190517
PubMed abstracts,all,1997,M2 % exact (=) among P reports,30789,97089,31.7121404072552
PubMed abstracts,all,1997,M3 % articles with >=1 P<=.05,35101,36618,95.857228685346
PubMed abstracts,all,1997,M4 % articles with >=1 P<=.005,18054,36618,49.30362116991643
PubMed abstracts,all,1998,M1 % articles reporting P,38557,340071,11.337926491820825
PubMed abstracts,all,1998,M2 % exact (=) among P reports,35331,103207,34.23314310075867
PubMed abstracts,all,1998,M3 % articles with >=1 P<=.05,36850,38557,95.57278833934176
PubMed abstracts,all,1998,M4 % articles with >=1 P<=.005,18937,38557,49.11429831159063
PubMed abstracts,all,1999,M1 % articles reporting P,40973,349352,11.72828551146122
PubMed abstracts,all,1999,M2 % exact (=) among P reports,39609,110255,35.92490136501746
PubMed abstracts,all,1999,M3 % articles with >=1 P<=.05,39173,40973,95.60686305615893
PubMed abstracts,all,1999,M4 % articles with >=1 P<=.005,20395,40973,49.776682205354746
PubMed abstracts,all,2000,M1 % articles reporting P,42661,376786,11.3223421252382
PubMed abstracts,all,2000,M2 % exact (=) among P reports,42751,114052,37.483779328727245
PubMed abstracts,all,2000,M3 % articles with >=1 P<=.05,40651,42661,95.28843674550527
PubMed abstracts,all,2000,M4 % articles with >=1 P<=.005,21297,42661,49.92147394575842
PubMed abstracts,all,2001,M1 % articles reporting P,45978,396538,11.594853456667456
PubMed abstracts,all,2001,M2 % exact (=) among P reports,48413,126208,38.35969193711968
PubMed abstracts,all,2001,M3 % articles with >=1 P<=.05,43864,45978,95.40214885379964
PubMed abstracts,all,2001,M4 % articles with >=1 P<=.005,22996,45978,50.01522467266954
PubMed abstracts,all,2002,M1 % articles reporting P,49350,416028,11.862182353110848
PubMed abstracts,all,2002,M2 % exact (=) among P reports,53656,135962,39.46396787337638
PubMed abstracts,all,2002,M3 % articles with >=1 P<=.05,46908,49350,95.05167173252279
PubMed abstracts,all,2002,M4 % articles with >=1 P<=.005,24643,49350,49.93515704154002
PubMed abstracts,all,2003,M1 % articles reporting P,55143,445521,12.377194341007495
PubMed abstracts,all,2003,M2 % exact (=) among P reports,61009,153216,39.81894841269841
PubMed abstracts,all,2003,M3 % articles with >=1 P<=.05,52333,55143,94.9041582793827
PubMed abstracts,all,2003,M4 % articles with >=1 P<=.005,27443,55143,49.76696951562302
PubMed abstracts,all,2004,M1 % articles reporting P,61013,481295,12.676840607112062
PubMed abstracts,all,2004,M2 % exact (=) among P reports,71220,171135,41.616267858708035
PubMed abstracts,all,2004,M3 % articles with >=1 P<=.05,57741,61013,94.63720846377002
PubMed abstracts,all,2004,M4 % articles with >=1 P<=.005,30528,61013,50.03523839181814
PubMed abstracts,all,2005,M1 % articles reporting P,70238,536057,13.102711092290559
PubMed abstracts,all,2005,M2 % exact (=) among P reports,84623,198986,42.52711246017308
PubMed abstracts,all,2005,M3 % articles with >=1 P<=.05,66427,70238,94.57416213445713
PubMed abstracts,all,2005,M4 % articles with >=1 P<=.005,35224,70238,50.149491728124374
PubMed abstracts,all,2006,M1 % articles reporting P,76101,579809,13.125184327942478
PubMed abstracts,all,2006,M2 % exact (=) among P reports,93161,214384,43.45520188073737
PubMed abstracts,all,2006,M3 % articles with >=1 P<=.05,71880,76101,94.45342373950407
PubMed abstracts,all,2006,M4 % articles with >=1 P<=.005,38326,76101,50.36201889594092
PubMed abstracts,all,2007,M1 % articles reporting P,83458,616538,13.53655411345286
PubMed abstracts,all,2007,M2 % exact (=) among P reports,106766,237430,44.96735880048856
PubMed abstracts,all,2007,M3 % articles with >=1 P<=.05,78859,83458,94.48944379208704
PubMed abstracts,all,2007,M4 % articles with >=1 P<=.005,42623,83458,51.07119748855712
PubMed abstracts,all,2008,M1 % articles reporting P,90623,648270,13.979206194949635
PubMed abstracts,all,2008,M2 % exact (=) among P reports,120169,260544,46.122344018668635
PubMed abstracts,all,2008,M3 % articles with >=1 P<=.05,85589,90623,94.44511878882844
PubMed abstracts,all,2008,M4 % articles with >=1 P<=.005,46278,90623,51.06650629531134
PubMed abstracts,all,2009,M1 % articles reporting P,96924,676468,14.327950472158328
PubMed abstracts,all,2009,M2 % exact (=) among P reports,132419,280559,47.19827202121479
PubMed abstracts,all,2009,M3 % articles with >=1 P<=.05,91445,96924,94.34711732904131
PubMed abstracts,all,2009,M4 % articles with >=1 P<=.005,49545,96924,51.11737031075894
PubMed abstracts,all,2010,M1 % articles reporting P,106185,725028,14.645641271785365
PubMed abstracts,all,2010,M2 % exact (=) among P reports,147370,307990,47.84895613493945
PubMed abstracts,all,2010,M3 % articles with >=1 P<=.05,100017,106185,94.19126995338324
PubMed abstracts,all,2010,M4 % articles with >=1 P<=.005,54615,106185,51.433818335923156
PubMed abstracts,all,2011,M1 % articles reporting P,118039,776404,15.203296222069953
PubMed abstracts,all,2011,M2 % exact (=) among P reports,169401,346679,48.86393464847885
PubMed abstracts,all,2011,M3 % articles with >=1 P<=.05,111292,118039,94.28409254568405
PubMed abstracts,all,2011,M4 % articles with >=1 P<=.005,61533,118039,52.12938096730741
PubMed abstracts,all,2012,M1 % articles reporting P,128508,820315,15.665689399803734
PubMed abstracts,all,2012,M2 % exact (=) among P reports,189634,384058,49.37639627347953
PubMed abstracts,all,2012,M3 % articles with >=1 P<=.05,121084,128508,94.22292775547048
PubMed abstracts,all,2012,M4 % articles with >=1 P<=.005,67255,128508,52.33526317427709
PubMed abstracts,all,2013,M1 % articles reporting P,138951,855653,16.23917639510409
PubMed abstracts,all,2013,M2 % exact (=) among P reports,209428,420340,49.82347623352524
PubMed abstracts,all,2013,M3 % articles with >=1 P<=.05,130815,138951,94.1446984908349
PubMed abstracts,all,2013,M4 % articles with >=1 P<=.005,73665,138951,53.01509165101367
PubMed abstracts,all,2014,M1 % articles reporting P,146519,876761,16.71139569392343
PubMed abstracts,all,2014,M2 % exact (=) among P reports,227039,448723,50.596693282938475
PubMed abstracts,all,2014,M3 % articles with >=1 P<=.05,137904,146519,94.12021649069403
PubMed abstracts,all,2014,M4 % articles with >=1 P<=.005,78507,146519,53.58144677482101
PubMed abstracts,all,2015,M1 % articles reporting P,153235,884808,17.318446487825607
PubMed abstracts,all,2015,M2 % exact (=) among P reports,241856,473556,51.07231246146179
PubMed abstracts,all,2015,M3 % articles with >=1 P<=.05,144154,153235,94.07380820308676
PubMed abstracts,all,2015,M4 % articles with >=1 P<=.005,82590,153235,53.89760824876823
PubMed abstracts,all,2016,M1 % articles reporting P,155077,881192,17.598548329989377
PubMed abstracts,all,2016,M2 % exact (=) among P reports,250688,483621,51.83563162062855
PubMed abstracts,all,2016,M3 % articles with >=1 P<=.05,145675,155077,93.93720538829098
PubMed abstracts,all,2016,M4 % articles with >=1 P<=.005,84387,155077,54.41619324593589
PubMed abstracts,all,2017,M1 % articles reporting P,157484,882495,17.845313571181705
PubMed abstracts,all,2017,M2 % exact (=) among P reports,254974,494112,51.60247069490318
PubMed abstracts,all,2017,M3 % articles with >=1 P<=.05,147760,157484,93.82540448553503
PubMed abstracts,all,2017,M4 % articles with >=1 P<=.005,85707,157484,54.422671509486676
PubMed abstracts,all,2018,M1 % articles reporting P,162452,900568,18.038837711311082
PubMed abstracts,all,2018,M2 % exact (=) among P reports,266940,514244,51.90921041373356
PubMed abstracts,all,2018,M3 % articles with >=1 P<=.05,152207,162452,93.6935217787408
PubMed abstracts,all,2018,M4 % articles with >=1 P<=.005,88465,162452,54.456085489867775
PubMed abstracts,all,2019,M1 % articles reporting P,169776,941231,18.037654943366718
PubMed abstracts,all,2019,M2 % exact (=) among P reports,282591,544936,51.857649338637934
PubMed abstracts,all,2019,M3 % articles with >=1 P<=.05,159169,169776,93.75235604561304
PubMed abstracts,all,2019,M4 % articles with >=1 P<=.005,93118,169776,54.84756384883612
PubMed abstracts,all,2020,M1 % articles reporting P,191959,1043379,18.397820926048922
PubMed abstracts,all,2020,M2 % exact (=) among P reports,325577,623003,52.25929891188325
PubMed abstracts,all,2020,M3 % articles with >=1 P<=.05,179986,191959,93.76273058309326
PubMed abstracts,all,2020,M4 % articles with >=1 P<=.005,106286,191959,55.36911527982538
PubMed abstracts,all,2021,M1 % articles reporting P,206278,1112394,18.5436095484154
PubMed abstracts,all,2021,M2 % exact (=) among P reports,352563,673912,52.315881005235106
PubMed abstracts,all,2021,M3 % articles with >=1 P<=.05,193401,206278,93.7574535335809
PubMed abstracts,all,2021,M4 % articles with >=1 P<=.005,115783,206278,56.12959210385984
PubMed abstracts,all,2022,M1 % articles reporting P,197052,1092792,18.03197680802934
PubMed abstracts,all,2022,M2 % exact (=) among P reports,335052,650717,51.4896644777991
PubMed abstracts,all,2022,M3 % articles with >=1 P<=.05,184800,197052,93.78235186651239
PubMed abstracts,all,2022,M4 % articles with >=1 P<=.005,110035,197052,55.84059030103729
PubMed abstracts,all,2023,M1 % articles reporting P,178431,978968,18.226438453555172
PubMed abstracts,all,2023,M2 % exact (=) among P reports,307821,598044,51.4712964263499
PubMed abstracts,all,2023,M3 % articles with >=1 P<=.05,167424,178431,93.83122887838996
PubMed abstracts,all,2023,M4 % articles with >=1 P<=.005,100686,178431,56.42853540023875
PubMed abstracts,all,2024,M1 % articles reporting P,184181,1018395,18.08541872259781
PubMed abstracts,all,2024,M2 % exact (=) among P reports,315699,619406,50.968024203834
PubMed abstracts,all,2024,M3 % articles with >=1 P<=.05,173022,184181,93.94128601755881
PubMed abstracts,all,2024,M4 % articles with >=1 P<=.005,103684,184181,56.294623223893886
PubMed abstracts,all,2025,M1 % articles reporting P,126805,691456,18.338838624583488
PubMed abstracts,all,2025,M2 % exact (=) among P reports,213390,427719,49.890231670793206
PubMed abstracts,all,2025,M3 % articles with >=1 P<=.05,119525,126805,94.25890146287607
PubMed abstracts,all,2025,M4 % articles with >=1 P<=.005,72194,126805,56.933086234769924
PubMed abstracts,RCT,1990,M1 % articles reporting P,2091,6146,34.02212821347218
PubMed abstracts,RCT,1990,M2 % exact (=) among P reports,1442,4973,28.996581540317717
PubMed abstracts,RCT,1990,M3 % articles with >=1 P<=.05,2005,2091,95.88713534194166
PubMed abstracts,RCT,1990,M4 % articles with >=1 P<=.005,870,2091,41.60688665710187
PubMed abstracts,RCT,1991,M1 % articles reporting P,2478,6643,37.302423603793464
PubMed abstracts,RCT,1991,M2 % exact (=) among P reports,1930,5947,32.45333781738692
PubMed abstracts,RCT,1991,M3 % articles with >=1 P<=.05,2359,2478,95.19774011299435
PubMed abstracts,RCT,1991,M4 % articles with >=1 P<=.005,1058,2478,42.6957223567393
PubMed abstracts,RCT,1992,M1 % articles reporting P,2721,7131,38.15734118636937
PubMed abstracts,RCT,1992,M2 % exact (=) among P reports,2171,6589,32.94885415085749
PubMed abstracts,RCT,1992,M3 % articles with >=1 P<=.05,2577,2721,94.70782800441015
PubMed abstracts,RCT,1992,M4 % articles with >=1 P<=.005,1170,2721,42.998897464167584
PubMed abstracts,RCT,1993,M1 % articles reporting P,3054,7747,39.42171163030851
PubMed abstracts,RCT,1993,M2 % exact (=) among P reports,2783,7886,35.290388029419226
PubMed abstracts,RCT,1993,M3 % articles with >=1 P<=.05,2861,3054,93.68041912246234
PubMed abstracts,RCT,1993,M4 % articles with >=1 P<=.005,1346,3054,44.073346430910284
PubMed abstracts,RCT,1994,M1 % articles reporting P,3609,8930,40.414333706606946
PubMed abstracts,RCT,1994,M2 % exact (=) among P reports,3428,9135,37.52599890530925
PubMed abstracts,RCT,1994,M3 % articles with >=1 P<=.05,3361,3609,93.12829038514825
PubMed abstracts,RCT,1994,M4 % articles with >=1 P<=.005,1532,3609,42.44943197561651
PubMed abstracts,RCT,1995,M1 % articles reporting P,4066,9770,41.61719549641761
PubMed abstracts,RCT,1995,M2 % exact (=) among P reports,4373,11044,39.59616081130025
PubMed abstracts,RCT,1995,M3 % articles with >=1 P<=.05,3804,4066,93.55632070831284
PubMed abstracts,RCT,1995,M4 % articles with >=1 P<=.005,1780,4066,43.777668470241025
PubMed abstracts,RCT,1996,M1 % articles reporting P,4165,9611,43.33576110706482
PubMed abstracts,RCT,1996,M2 % exact (=) among P reports,4592,11556,39.73693319487712
PubMed abstracts,RCT,1996,M3 % articles with >=1 P<=.05,3926,4165,94.26170468187274
PubMed abstracts,RCT,1996,M4 % articles with >=1 P<=.005,1931,4165,46.362545018007204
PubMed abstracts,RCT,1997,M1 % articles reporting P,4454,9844,45.245835026412024
PubMed abstracts,RCT,1997,M2 % exact (=) among P reports,5438,12298,44.21857212554887
PubMed abstracts,RCT,1997,M3 % articles with >=1 P<=.05,4149,4454,93.15222272114953
PubMed abstracts,RCT,1997,M4 % articles with >=1 P<=.005,2070,4454,46.47507858105074
PubMed abstracts,RCT,1998,M1 % articles reporting P,4745,10236,46.35599843688941
PubMed abstracts,RCT,1998,M2 % exact (=) among P reports,5988,13153,45.52573557363339
PubMed abstracts,RCT,1998,M3 % articles with >=1 P<=.05,4414,4745,93.02423603793467
PubMed abstracts,RCT,1998,M4 % articles with >=1 P<=.005,2186,4745,46.0695468914647
PubMed abstracts,RCT,1999,M1 % articles reporting P,5240,10976,47.74052478134111
PubMed abstracts,RCT,1999,M2 % exact (=) among P reports,6682,14436,46.28706012745913
PubMed abstracts,RCT,1999,M3 % articles with >=1 P<=.05,4874,5240,93.01526717557252
PubMed abstracts,RCT,1999,M4 % articles with >=1 P<=.005,2491,5240,47.538167938931295
PubMed abstracts,RCT,2000,M1 % articles reporting P,5102,10684,47.75365031823287
PubMed abstracts,RCT,2000,M2 % exact (=) among P reports,6931,14202,48.802985495000705
PubMed abstracts,RCT,2000,M3 % articles with >=1 P<=.05,4721,5102,92.53234025872207
PubMed abstracts,RCT,2000,M4 % articles with >=1 P<=.005,2384,5102,46.726773814190516
PubMed abstracts,RCT,2001,M1 % articles reporting P,5603,11580,48.38514680483593
PubMed abstracts,RCT,2001,M2 % exact (=) among P reports,7470,15448,48.355774210253756
PubMed abstracts,RCT,2001,M3 % articles with >=1 P<=.05,5158,5603,92.0578261645547
PubMed abstracts,RCT,2001,M4 % articles with >=1 P<=.005,2653,5603,47.34963412457612
PubMed abstracts,RCT,2002,M1 % articles reporting P,5900,11717,50.35418622514295
PubMed abstracts,RCT,2002,M2 % exact (=) among P reports,8566,17099,50.09649687116205
PubMed abstracts,RCT,2002,M3 % articles with >=1 P<=.05,5424,5900,91.9322033898305
PubMed abstracts,RCT,2002,M4 % articles with >=1 P<=.005,2823,5900,47.847457627118644
PubMed abstracts,RCT,2003,M1 % articles reporting P,6740,12990,51.8860662047729
PubMed abstracts,RCT,2003,M2 % exact (=) among P reports,9496,19276,49.263332641626896
PubMed abstracts,RCT,2003,M3 % articles with >=1 P<=.05,6182,6740,91.72106824925817
PubMed abstracts,RCT,2003,M4 % articles with >=1 P<=.005,3214,6740,47.68545994065282
PubMed abstracts,RCT,2004,M1 % articles reporting P,7545,14793,51.00385317379842
PubMed abstracts,RCT,2004,M2 % exact (=) among P reports,11034,21839,50.524291405284124
PubMed abstracts,RCT,2004,M3 % articles with >=1 P<=.05,6907,7545,91.54406891981445
PubMed abstracts,RCT,2004,M4 % articles with >=1 P<=.005,3587,7545,47.541418157720344
PubMed abstracts,RCT,2005,M1 % articles reporting P,8411,15867,53.00939055902187
PubMed abstracts,RCT,2005,M2 % exact (=) among P reports,12842,24991,51.38649913969029
PubMed abstracts,RCT,2005,M3 % articles with >=1 P<=.05,7659,8411,91.05932707169183
PubMed abstracts,RCT,2005,M4 % articles with >=1 P<=.005,4001,8411,47.56866008798003
PubMed abstracts,RCT,2006,M1 % articles reporting P,8957,16986,52.73166136818556
PubMed abstracts,RCT,2006,M2 % exact (=) among P reports,13210,26430,49.98108210367007
PubMed abstracts,RCT,2006,M3 % articles with >=1 P<=.05,8166,8957,91.16891816456403
PubMed abstracts,RCT,2006,M4 % articles with >=1 P<=.005,4185,8957,46.7232332254103
PubMed abstracts,RCT,2007,M1 % articles reporting P,9806,18676,52.50588991218677
PubMed abstracts,RCT,2007,M2 % exact (=) among P reports,14583,28647,50.90585401612734
PubMed abstracts,RCT,2007,M3 % articles with >=1 P<=.05,8923,9806,90.99530899449317
PubMed abstracts,RCT,2007,M4 % articles with >=1 P<=.005,4644,9806,47.35875994289211
PubMed abstracts,RCT,2008,M1 % articles reporting P,10197,19216,53.065154038301415
PubMed abstracts,RCT,2008,M2 % exact (=) among P reports,16187,30535,53.011298509906666
PubMed abstracts,RCT,2008,M3 % articles with >=1 P<=.05,9263,10197,90.84044326762773
PubMed abstracts,RCT,2008,M4 % articles with >=1 P<=.005,4941,10197,48.45542806707855
PubMed abstracts,RCT,2009,M1 % articles reporting P,10924,20310,53.7863121614968
PubMed abstracts,RCT,2009,M2 % exact (=) among P reports,17500,32887,53.21251558366528
PubMed abstracts,RCT,2009,M3 % articles with >=1 P<=.05,9929,10924,90.89161479311608
PubMed abstracts,RCT,2009,M4 % articles with >=1 P<=.005,5251,10924,48.068473086781395
PubMed abstracts,RCT,2010,M1 % articles reporting P,11731,22206,52.828064487075565
PubMed abstracts,RCT,2010,M2 % exact (=) among P reports,18775,35353,53.10723276666761
PubMed abstracts,RCT,2010,M3 % articles with >=1 P<=.05,10619,11731,90.52084221294007
PubMed abstracts,RCT,2010,M4 % articles with >=1 P<=.005,5520,11731,47.05481203648453
PubMed abstracts,RCT,2011,M1 % articles reporting P,12904,24998,51.62012961036883
PubMed abstracts,RCT,2011,M2 % exact (=) among P reports,21311,39730,53.639567077774984
PubMed abstracts,RCT,2011,M3 % articles with >=1 P<=.05,11721,12904,90.83230006199628
PubMed abstracts,RCT,2011,M4 % articles with >=1 P<=.005,6231,12904,48.28735275883447
PubMed abstracts,RCT,2012,M1 % articles reporting P,14212,27142,52.36165352590082
PubMed abstracts,RCT,2012,M2 % exact (=) among P reports,23989,44522,53.88122725843403
PubMed abstracts,RCT,2012,M3 % articles with >=1 P<=.05,12889,14212,90.69096538136786
PubMed abstracts,RCT,2012,M4 % articles with >=1 P<=.005,6891,14212,48.48719392063045
PubMed abstracts,RCT,2013,M1 % articles reporting P,15050,29398,51.19395877270563
PubMed abstracts,RCT,2013,M2 % exact (=) among P reports,25978,46997,55.275868672468455
PubMed abstracts,RCT,2013,M3 % articles with >=1 P<=.05,13591,15050,90.30564784053156
PubMed abstracts,RCT,2013,M4 % articles with >=1 P<=.005,7252,15050,48.18604651162791
PubMed abstracts,RCT,2014,M1 % articles reporting P,15445,29674,52.0489317247422
PubMed abstracts,RCT,2014,M2 % exact (=) among P reports,27724,49426,56.091935418605594
PubMed abstracts,RCT,2014,M3 % articles with >=1 P<=.05,13930,15445,90.19100032372936
PubMed abstracts,RCT,2014,M4 % articles with >=1 P<=.005,7413,15445,47.99611524765296
PubMed abstracts,RCT,2015,M1 % articles reporting P,15469,29395,52.62459601973125
PubMed abstracts,RCT,2015,M2 % exact (=) among P reports,28129,48986,57.422528885804105
PubMed abstracts,RCT,2015,M3 % articles with >=1 P<=.05,13884,15469,89.75370095028767
PubMed abstracts,RCT,2015,M4 % articles with >=1 P<=.005,7447,15469,48.14144417867994
PubMed abstracts,RCT,2016,M1 % articles reporting P,14963,28269,52.93077222399094
PubMed abstracts,RCT,2016,M2 % exact (=) among P reports,27858,48112,57.90239441303625
PubMed abstracts,RCT,2016,M3 % articles with >=1 P<=.05,13385,14963,89.45398650003341
PubMed abstracts,RCT,2016,M4 % articles with >=1 P<=.005,7245,14963,48.41943460535989
PubMed abstracts,RCT,2017,M1 % articles reporting P,15028,28112,53.45759817871372
PubMed abstracts,RCT,2017,M2 % exact (=) among P reports,27904,48288,57.78661365142479
PubMed abstracts,RCT,2017,M3 % articles with >=1 P<=.05,13406,15028,89.20681394729837
PubMed abstracts,RCT,2017,M4 % articles with >=1 P<=.005,7207,15028,47.95714665956881
PubMed abstracts,RCT,2018,M1 % articles reporting P,14714,26683,55.14372446876288
PubMed abstracts,RCT,2018,M2 % exact (=) among P reports,27683,47001,58.89874683517372
PubMed abstracts,RCT,2018,M3 % articles with >=1 P<=.05,13074,14714,88.85415250781568
PubMed abstracts,RCT,2018,M4 % articles with >=1 P<=.005,7137,14714,48.5048253364143
PubMed abstracts,RCT,2019,M1 % articles reporting P,14642,26493,55.267429132223604
PubMed abstracts,RCT,2019,M2 % exact (=) among P reports,28364,47490,59.72625815961255
PubMed abstracts,RCT,2019,M3 % articles with >=1 P<=.05,12997,14642,88.76519601147385
PubMed abstracts,RCT,2019,M4 % articles with >=1 P<=.005,7142,14642,48.77748941401448
PubMed abstracts,RCT,2020,M1 % articles reporting P,15990,28524,56.05805637358014
PubMed abstracts,RCT,2020,M2 % exact (=) among P reports,31061,51912,59.83394976113423
PubMed abstracts,RCT,2020,M3 % articles with >=1 P<=.05,14091,15990,88.12382739212008
PubMed abstracts,RCT,2020,M4 % articles with >=1 P<=.005,7757,15990,48.51156973108193
PubMed abstracts,RCT,2021,M1 % articles reporting P,16539,29569,55.93357908620515
PubMed abstracts,RCT,2021,M2 % exact (=) among P reports,31522,53393,59.03770157136703
PubMed abstracts,RCT,2021,M3 % articles with >=1 P<=.05,14583,16539,88.17340830763649
PubMed abstracts,RCT,2021,M4 % articles with >=1 P<=.005,7994,16539,48.334240280549004
PubMed abstracts,RCT,2022,M1 % articles reporting P,15884,28591,55.55594417823791
PubMed abstracts,RCT,2022,M2 % exact (=) among P reports,29656,52270,56.73617753969772
PubMed abstracts,RCT,2022,M3 % articles with >=1 P<=.05,14004,15884,88.16419038025687
PubMed abstracts,RCT,2022,M4 % articles with >=1 P<=.005,7689,15884,48.40720221606648
PubMed abstracts,RCT,2023,M1 % articles reporting P,14066,25344,55.500315656565654
PubMed abstracts,RCT,2023,M2 % exact (=) among P reports,26815,46417,57.76978262274598
PubMed abstracts,RCT,2023,M3 % articles with >=1 P<=.05,12372,14066,87.95677520261624
PubMed abstracts,RCT,2023,M4 % articles with >=1 P<=.005,6970,14066,49.552111474477464
PubMed abstracts,RCT,2024,M1 % articles reporting P,15733,27230,57.77818582445832
PubMed abstracts,RCT,2024,M2 % exact (=) among P reports,29591,53062,55.76683879235611
PubMed abstracts,RCT,2024,M3 % articles with >=1 P<=.05,13992,15733,88.93408758660141
PubMed abstracts,RCT,2024,M4 % articles with >=1 P<=.005,7908,15733,50.26377677493167
PubMed abstracts,RCT,2025,M1 % articles reporting P,10002,17160,58.28671328671329
PubMed abstracts,RCT,2025,M2 % exact (=) among P reports,18899,34100,55.422287390029325
PubMed abstracts,RCT,2025,M3 % articles with >=1 P<=.05,8882,10002,88.80223955208959
PubMed abstracts,RCT,2025,M4 % articles with >=1 P<=.005,5059,10002,50.57988402319536
PubMed abstracts,CT,1990,M1 % articles reporting P,746,4068,18.338249754178957
PubMed abstracts,CT,1990,M2 % exact (=) among P reports,415,1865,22.25201072386059
PubMed abstracts,CT,1990,M3 % articles with >=1 P<=.05,731,746,97.9892761394102
PubMed abstracts,CT,1990,M4 % articles with >=1 P<=.005,351,746,47.05093833780161
PubMed abstracts,CT,1991,M1 % articles reporting P,857,4160,20.60096153846154
PubMed abstracts,CT,1991,M2 % exact (=) among P reports,418,2123,19.689119170984455
PubMed abstracts,CT,1991,M3 % articles with >=1 P<=.05,842,857,98.24970828471412
PubMed abstracts,CT,1991,M4 % articles with >=1 P<=.005,436,857,50.87514585764294
PubMed abstracts,CT,1992,M1 % articles reporting P,783,3780,20.714285714285715
PubMed abstracts,CT,1992,M2 % exact (=) among P reports,488,1914,25.49634273772205
PubMed abstracts,CT,1992,M3 % articles with >=1 P<=.05,761,783,97.19029374201789
PubMed abstracts,CT,1992,M4 % articles with >=1 P<=.005,381,783,48.65900383141762
PubMed abstracts,CT,1993,M1 % articles reporting P,864,3701,23.34504188057282
PubMed abstracts,CT,1993,M2 % exact (=) among P reports,598,2036,29.3713163064833
PubMed abstracts,CT,1993,M3 % articles with >=1 P<=.05,829,864,95.94907407407408
PubMed abstracts,CT,1993,M4 % articles with >=1 P<=.005,430,864,49.76851851851852
PubMed abstracts,CT,1994,M1 % articles reporting P,2145,8513,25.196757899682837
PubMed abstracts,CT,1994,M2 % exact (=) among P reports,1600,5437,29.42799337870149
PubMed abstracts,CT,1994,M3 % articles with >=1 P<=.05,2067,2145,96.36363636363636
PubMed abstracts,CT,1994,M4 % articles with >=1 P<=.005,1053,2145,49.09090909090909
PubMed abstracts,CT,1995,M1 % articles reporting P,2290,9318,24.576089289547113
PubMed abstracts,CT,1995,M2 % exact (=) among P reports,1691,5994,28.211544878211544
PubMed abstracts,CT,1995,M3 % articles with >=1 P<=.05,2195,2290,95.85152838427948
PubMed abstracts,CT,1995,M4 % articles with >=1 P<=.005,1153,2290,50.34934497816594
PubMed abstracts,CT,1996,M1 % articles reporting P,2245,8830,25.424688561721403
PubMed abstracts,CT,1996,M2 % exact (=) among P reports,1855,6002,30.906364545151614
PubMed abstracts,CT,1996,M3 % articles with >=1 P<=.05,2138,2245,95.23385300668151
PubMed abstracts,CT,1996,M4 % articles with >=1 P<=.005,1132,2245,50.42316258351893
PubMed abstracts,CT,1997,M1 % articles reporting P,2581,10309,25.03637598215152
PubMed abstracts,CT,1997,M2 % exact (=) among P reports,2146,6789,31.60995728384151
PubMed abstracts,CT,1997,M3 % articles with >=1 P<=.05,2473,2581,95.81557535838822
PubMed abstracts,CT,1997,M4 % articles with >=1 P<=.005,1325,2581,51.336691204959315
PubMed abstracts,CT,1998,M1 % articles reporting P,2676,10351,25.852574630470485
PubMed abstracts,CT,1998,M2 % exact (=) among P reports,2590,7199,35.97721905820253
PubMed abstracts,CT,1998,M3 % articles with >=1 P<=.05,2563,2676,95.77727952167415
PubMed abstracts,CT,1998,M4 % articles with >=1 P<=.005,1344,2676,50.224215246636774
PubMed abstracts,CT,1999,M1 % articles reporting P,3059,11277,27.1260086902545
PubMed abstracts,CT,1999,M2 % exact (=) among P reports,3091,8345,37.04014379868185
PubMed abstracts,CT,1999,M3 % articles with >=1 P<=.05,2935,3059,95.94638770840143
PubMed abstracts,CT,1999,M4 % articles with >=1 P<=.005,1596,3059,52.17391304347826
PubMed abstracts,CT,2000,M1 % articles reporting P,3132,10709,29.24642823793071
PubMed abstracts,CT,2000,M2 % exact (=) among P reports,3083,8441,36.52410851794811
PubMed abstracts,CT,2000,M3 % articles with >=1 P<=.05,2990,3132,95.4661558109834
PubMed abstracts,CT,2000,M4 % articles with >=1 P<=.005,1674,3132,53.44827586206897
PubMed abstracts,CT,2001,M1 % articles reporting P,2620,8921,29.36890483129694
PubMed abstracts,CT,2001,M2 % exact (=) among P reports,3129,7450,42.0
PubMed abstracts,CT,2001,M3 % articles with >=1 P<=.05,2523,2620,96.29770992366412
PubMed abstracts,CT,2001,M4 % articles with >=1 P<=.005,1415,2620,54.00763358778626
PubMed abstracts,CT,2002,M1 % articles reporting P,2826,9296,30.400172117039588
PubMed abstracts,CT,2002,M2 % exact (=) among P reports,2970,7740,38.372093023255815
PubMed abstracts,CT,2002,M3 % articles with >=1 P<=.05,2677,2826,94.72753007784856
PubMed abstracts,CT,2002,M4 % articles with >=1 P<=.005,1500,2826,53.07855626326964
PubMed abstracts,CT,2003,M1 % articles reporting P,3577,11233,31.843674886495148
PubMed abstracts,CT,2003,M2 % exact (=) among P reports,4050,9993,40.52836985890123
PubMed abstracts,CT,2003,M3 % articles with >=1 P<=.05,3417,3577,95.52697791445345
PubMed abstracts,CT,2003,M4 % articles with >=1 P<=.005,1909,3577,53.36874475817724
PubMed abstracts,CT,2004,M1 % articles reporting P,3841,12339,31.12894075694951
PubMed abstracts,CT,2004,M2 % exact (=) among P reports,4563,10775,42.34802784222738
PubMed abstracts,CT,2004,M3 % articles with >=1 P<=.05,3655,3841,95.15751106482686
PubMed abstracts,CT,2004,M4 % articles with >=1 P<=.005,2020,3841,52.590471231450145
PubMed abstracts,CT,2005,M1 % articles reporting P,4328,13858,31.231057872708906
PubMed abstracts,CT,2005,M2 % exact (=) among P reports,5347,12458,42.9202119120244
PubMed abstracts,CT,2005,M3 % articles with >=1 P<=.05,4102,4328,94.77818853974122
PubMed abstracts,CT,2005,M4 % articles with >=1 P<=.005,2285,4328,52.79574861367837
PubMed abstracts,CT,2006,M1 % articles reporting P,4111,12375,33.220202020202024
PubMed abstracts,CT,2006,M2 % exact (=) among P reports,5541,11967,46.302331411381296
PubMed abstracts,CT,2006,M3 % articles with >=1 P<=.05,3866,4111,94.0403794697154
PubMed abstracts,CT,2006,M4 % articles with >=1 P<=.005,2192,4111,53.320360009729995
PubMed abstracts,CT,2007,M1 % articles reporting P,4113,11756,34.986389928547126
PubMed abstracts,CT,2007,M2 % exact (=) among P reports,5587,11865,47.08807416772019
PubMed abstracts,CT,2007,M3 % articles with >=1 P<=.05,3853,4113,93.6785801118405
PubMed abstracts,CT,2007,M4 % articles with >=1 P<=.005,2185,4113,53.12424021395575
PubMed abstracts,CT,2008,M1 % articles reporting P,3866,10830,35.69713758079409
PubMed abstracts,CT,2008,M2 % exact (=) among P reports,5514,11035,49.968282736746715
PubMed abstracts,CT,2008,M3 % articles with >=1 P<=.05,3627,3866,93.81789963786859
PubMed abstracts,CT,2008,M4 % articles with >=1 P<=.005,2056,3866,53.18158303155717
PubMed abstracts,CT,2009,M1 % articles reporting P,3724,10579,35.2018149163437
PubMed abstracts,CT,2009,M2 % exact (=) among P reports,5142,10682,48.13705298633215
PubMed abstracts,CT,2009,M3 % articles with >=1 P<=.05,3495,3724,93.85069817400644
PubMed abstracts,CT,2009,M4 % articles with >=1 P<=.005,2008,3724,53.92051557465091
PubMed abstracts,CT,2010,M1 % articles reporting P,3910,10737,36.41613113532644
PubMed abstracts,CT,2010,M2 % exact (=) among P reports,5697,11257,50.60851026028249
PubMed abstracts,CT,2010,M3 % articles with >=1 P<=.05,3698,3910,94.57800511508951
PubMed abstracts,CT,2010,M4 % articles with >=1 P<=.005,2077,3910,53.12020460358056
PubMed abstracts,CT,2011,M1 % articles reporting P,4521,12198,37.063453025086076
PubMed abstracts,CT,2011,M2 % exact (=) among P reports,6964,13473,51.688562309804794
PubMed abstracts,CT,2011,M3 % articles with >=1 P<=.05,4267,4521,94.38177394381773
PubMed abstracts,CT,2011,M4 % articles with >=1 P<=.005,2413,4521,53.373147533731476
PubMed abstracts,CT,2012,M1 % articles reporting P,5008,13483,37.14306904991471
PubMed abstracts,CT,2012,M2 % exact (=) among P reports,7838,15064,52.03133297928837
PubMed abstracts,CT,2012,M3 % articles with >=1 P<=.05,4697,5008,93.78993610223642
PubMed abstracts,CT,2012,M4 % articles with >=1 P<=.005,2677,5008,53.45447284345048
PubMed abstracts,CT,2013,M1 % articles reporting P,5380,13984,38.47254004576659
PubMed abstracts,CT,2013,M2 % exact (=) among P reports,8529,16452,51.841721371261855
PubMed abstracts,CT,2013,M3 % articles with >=1 P<=.05,5071,5380,94.25650557620818
PubMed abstracts,CT,2013,M4 % articles with >=1 P<=.005,2978,5380,55.353159851301115
PubMed abstracts,CT,2014,M1 % articles reporting P,4993,12927,38.62458420360486
PubMed abstracts,CT,2014,M2 % exact (=) among P reports,8218,15621,52.608667818961656
PubMed abstracts,CT,2014,M3 % articles with >=1 P<=.05,4720,4993,94.53234528339675
PubMed abstracts,CT,2014,M4 % articles with >=1 P<=.005,2806,4993,56.198678149409176
PubMed abstracts,CT,2015,M1 % articles reporting P,4590,11502,39.906103286384976
PubMed abstracts,CT,2015,M2 % exact (=) among P reports,7656,14183,53.980117041528594
PubMed abstracts,CT,2015,M3 % articles with >=1 P<=.05,4329,4590,94.31372549019608
PubMed abstracts,CT,2015,M4 % articles with >=1 P<=.005,2612,4590,56.90631808278867
PubMed abstracts,CT,2016,M1 % articles reporting P,4000,9988,40.04805766920305
PubMed abstracts,CT,2016,M2 % exact (=) among P reports,6759,12362,54.675618831904224
PubMed abstracts,CT,2016,M3 % articles with >=1 P<=.05,3772,4000,94.3
PubMed abstracts,CT,2016,M4 % articles with >=1 P<=.005,2261,4000,56.525
PubMed abstracts,CT,2017,M1 % articles reporting P,3747,9482,39.516979540181396
PubMed abstracts,CT,2017,M2 % exact (=) among P reports,6615,11694,56.567470497691126
PubMed abstracts,CT,2017,M3 % articles with >=1 P<=.05,3505,3747,93.54149986655992
PubMed abstracts,CT,2017,M4 % articles with >=1 P<=.005,2103,3747,56.12489991993595
PubMed abstracts,CT,2018,M1 % articles reporting P,3708,9557,38.79878622998849
PubMed abstracts,CT,2018,M2 % exact (=) among P reports,6382,11415,55.90889180902322
PubMed abstracts,CT,2018,M3 % articles with >=1 P<=.05,3469,3708,93.55447680690399
PubMed abstracts,CT,2018,M4 % articles with >=1 P<=.005,2109,3708,56.87702265372168
PubMed abstracts,CT,2019,M1 % articles reporting P,3660,9701,37.72806927120915
PubMed abstracts,CT,2019,M2 % exact (=) among P reports,6497,11270,57.648624667258204
PubMed abstracts,CT,2019,M3 % articles with >=1 P<=.05,3444,3660,94.09836065573771
PubMed abstracts,CT,2019,M4 % articles with >=1 P<=.005,2078,3660,56.775956284153004
PubMed abstracts,CT,2020,M1 % articles reporting P,2855,8039,35.514367458639136
PubMed abstracts,CT,2020,M2 % exact (=) among P reports,5221,8862,58.91446626043783
PubMed abstracts,CT,2020,M3 % articles with >=1 P<=.05,2714,2855,95.06129597197898
PubMed abstracts,CT,2020,M4 % articles with >=1 P<=.005,1624,2855,56.882661996497376
PubMed abstracts,CT,2021,M1 % articles reporting P,2678,7713,34.72060158174511
PubMed abstracts,CT,2021,M2 % exact (=) among P reports,5102,8589,59.40156013505647
PubMed abstracts,CT,2021,M3 % articles with >=1 P<=.05,2510,2678,93.72666168782673
PubMed abstracts,CT,2021,M4 % articles with >=1 P<=.005,1530,2678,57.132188200149365
PubMed abstracts,CT,2022,M1 % articles reporting P,2016,5699,35.37462712756624
PubMed abstracts,CT,2022,M2 % exact (=) among P reports,3663,6431,56.958482351111805
PubMed abstracts,CT,2022,M3 % articles with >=1 P<=.05,1888,2016,93.65079365079364
PubMed abstracts,CT,2022,M4 % articles with >=1 P<=.005,1209,2016,59.970238095238095
PubMed abstracts,CT,2023,M1 % articles reporting P,1640,4691,34.96056277979109
PubMed abstracts,CT,2023,M2 % exact (=) among P reports,3005,5276,56.95602729340409
PubMed abstracts,CT,2023,M3 % articles with >=1 P<=.05,1534,1640,93.53658536585365
PubMed abstracts,CT,2023,M4 % articles with >=1 P<=.005,954,1640,58.170731707317074
PubMed abstracts,CT,2024,M1 % articles reporting P,1351,4351,31.050333256722592
PubMed abstracts,CT,2024,M2 % exact (=) among P reports,2369,4119,57.51395969895606
PubMed abstracts,CT,2024,M3 % articles with >=1 P<=.05,1247,1351,92.3019985196151
PubMed abstracts,CT,2024,M4 % articles with >=1 P<=.005,774,1351,57.29089563286455
PubMed abstracts,CT,2025,M1 % articles reporting P,869,2848,30.5126404494382
PubMed abstracts,CT,2025,M2 % exact (=) among P reports,1538,2734,56.2545720555962
PubMed abstracts,CT,2025,M3 % articles with >=1 P<=.05,830,869,95.512082853855
PubMed abstracts,CT,2025,M4 % articles with >=1 P<=.005,517,869,59.49367088607595
PubMed abstracts,meta,1990,M1 % articles reporting P,30,214,14.018691588785046
PubMed abstracts,meta,1990,M2 % exact (=) among P reports,45,79,56.962025316455694
PubMed abstracts,meta,1990,M3 % articles with >=1 P<=.05,27,30,
PubMed abstracts,meta,1990,M4 % articles with >=1 P<=.005,17,30,
PubMed abstracts,meta,1991,M1 % articles reporting P,35,268,13.059701492537313
PubMed abstracts,meta,1991,M2 % exact (=) among P reports,79,121,65.2892561983471
PubMed abstracts,meta,1991,M3 % articles with >=1 P<=.05,31,35,
PubMed abstracts,meta,1991,M4 % articles with >=1 P<=.005,19,35,
PubMed abstracts,meta,1992,M1 % articles reporting P,41,304,13.486842105263158
PubMed abstracts,meta,1992,M2 % exact (=) among P reports,33,84,39.285714285714285
PubMed abstracts,meta,1992,M3 % articles with >=1 P<=.05,36,41,
PubMed abstracts,meta,1992,M4 % articles with >=1 P<=.005,26,41,
PubMed abstracts,meta,1993,M1 % articles reporting P,59,274,21.532846715328468
PubMed abstracts,meta,1993,M2 % exact (=) among P reports,64,131,48.85496183206107
PubMed abstracts,meta,1993,M3 % articles with >=1 P<=.05,57,59,96.61016949152543
PubMed abstracts,meta,1993,M4 % articles with >=1 P<=.005,35,59,59.32203389830509
PubMed abstracts,meta,1994,M1 % articles reporting P,62,348,17.816091954022987
PubMed abstracts,meta,1994,M2 % exact (=) among P reports,74,173,42.774566473988436
PubMed abstracts,meta,1994,M3 % articles with >=1 P<=.05,57,62,91.93548387096774
PubMed abstracts,meta,1994,M4 % articles with >=1 P<=.005,39,62,62.903225806451616
PubMed abstracts,meta,1995,M1 % articles reporting P,87,395,22.025316455696203
PubMed abstracts,meta,1995,M2 % exact (=) among P reports,101,223,45.2914798206278
PubMed abstracts,meta,1995,M3 % articles with >=1 P<=.05,78,87,89.65517241379311
PubMed abstracts,meta,1995,M4 % articles with >=1 P<=.005,48,87,55.172413793103445
PubMed abstracts,meta,1996,M1 % articles reporting P,93,445,20.89887640449438
PubMed abstracts,meta,1996,M2 % exact (=) among P reports,140,265,52.83018867924528
PubMed abstracts,meta,1996,M3 % articles with >=1 P<=.05,86,93,92.47311827956989
PubMed abstracts,meta,1996,M4 % articles with >=1 P<=.005,48,93,51.61290322580645
PubMed abstracts,meta,1997,M1 % articles reporting P,116,548,21.16788321167883
PubMed abstracts,meta,1997,M2 % exact (=) among P reports,173,306,56.5359477124183
PubMed abstracts,meta,1997,M3 % articles with >=1 P<=.05,107,116,92.24137931034483
PubMed abstracts,meta,1997,M4 % articles with >=1 P<=.005,70,116,60.3448275862069
PubMed abstracts,meta,1998,M1 % articles reporting P,108,588,18.367346938775512
PubMed abstracts,meta,1998,M2 % exact (=) among P reports,139,275,50.54545454545455
PubMed abstracts,meta,1998,M3 % articles with >=1 P<=.05,93,108,86.11111111111111
PubMed abstracts,meta,1998,M4 % articles with >=1 P<=.005,63,108,58.333333333333336
PubMed abstracts,meta,1999,M1 % articles reporting P,124,681,18.208516886930983
PubMed abstracts,meta,1999,M2 % exact (=) among P reports,166,304,54.60526315789474
PubMed abstracts,meta,1999,M3 % articles with >=1 P<=.05,119,124,95.96774193548387
PubMed abstracts,meta,1999,M4 % articles with >=1 P<=.005,78,124,62.903225806451616
PubMed abstracts,meta,2000,M1 % articles reporting P,173,793,21.815889029003785
PubMed abstracts,meta,2000,M2 % exact (=) among P reports,211,410,51.46341463414634
PubMed abstracts,meta,2000,M3 % articles with >=1 P<=.05,158,173,91.32947976878613
PubMed abstracts,meta,2000,M4 % articles with >=1 P<=.005,112,173,64.73988439306359
PubMed abstracts,meta,2001,M1 % articles reporting P,163,861,18.931475029036005
PubMed abstracts,meta,2001,M2 % exact (=) among P reports,255,445,57.30337078651685
PubMed abstracts,meta,2001,M3 % articles with >=1 P<=.05,139,163,85.2760736196319
PubMed abstracts,meta,2001,M4 % articles with >=1 P<=.005,95,163,58.282208588957054
PubMed abstracts,meta,2002,M1 % articles reporting P,209,1011,20.672601384767557
PubMed abstracts,meta,2002,M2 % exact (=) among P reports,324,572,56.64335664335665
PubMed abstracts,meta,2002,M3 % articles with >=1 P<=.05,189,209,90.43062200956938
PubMed abstracts,meta,2002,M4 % articles with >=1 P<=.005,126,209,60.28708133971292
PubMed abstracts,meta,2003,M1 % articles reporting P,310,1234,25.12155591572123
PubMed abstracts,meta,2003,M2 % exact (=) among P reports,488,820,59.51219512195122
PubMed abstracts,meta,2003,M3 % articles with >=1 P<=.05,267,310,86.12903225806451
PubMed abstracts,meta,2003,M4 % articles with >=1 P<=.005,168,310,54.193548387096776
PubMed abstracts,meta,2004,M1 % articles reporting P,340,1533,22.17873450750163
PubMed abstracts,meta,2004,M2 % exact (=) among P reports,581,890,65.28089887640449
PubMed abstracts,meta,2004,M3 % articles with >=1 P<=.05,286,340,84.11764705882354
PubMed abstracts,meta,2004,M4 % articles with >=1 P<=.005,197,340,57.94117647058823
PubMed abstracts,meta,2005,M1 % articles reporting P,485,2041,23.762861342479177
PubMed abstracts,meta,2005,M2 % exact (=) among P reports,851,1379,61.71138506163887
PubMed abstracts,meta,2005,M3 % articles with >=1 P<=.05,425,485,87.62886597938144
PubMed abstracts,meta,2005,M4 % articles with >=1 P<=.005,300,485,61.855670103092784
PubMed abstracts,meta,2006,M1 % articles reporting P,573,2432,23.560855263157894
PubMed abstracts,meta,2006,M2 % exact (=) among P reports,1090,1699,64.15538552089464
PubMed abstracts,meta,2006,M3 % articles with >=1 P<=.05,506,573,88.30715532286213
PubMed abstracts,meta,2006,M4 % articles with >=1 P<=.005,332,573,57.94066317626527
PubMed abstracts,meta,2007,M1 % articles reporting P,736,2742,26.84172137126185
PubMed abstracts,meta,2007,M2 % exact (=) among P reports,1392,2168,64.20664206642067
PubMed abstracts,meta,2007,M3 % articles with >=1 P<=.05,643,736,87.36413043478261
PubMed abstracts,meta,2007,M4 % articles with >=1 P<=.005,469,736,63.72282608695652
PubMed abstracts,meta,2008,M1 % articles reporting P,855,3057,27.968596663395484
PubMed abstracts,meta,2008,M2 % exact (=) among P reports,1818,2623,69.30995043842928
PubMed abstracts,meta,2008,M3 % articles with >=1 P<=.05,746,855,87.25146198830409
PubMed abstracts,meta,2008,M4 % articles with >=1 P<=.005,534,855,62.45614035087719
PubMed abstracts,meta,2009,M1 % articles reporting P,1091,3648,29.906798245614034
PubMed abstracts,meta,2009,M2 % exact (=) among P reports,2316,3387,68.3790965456156
PubMed abstracts,meta,2009,M3 % articles with >=1 P<=.05,961,1091,88.08432630614115
PubMed abstracts,meta,2009,M4 % articles with >=1 P<=.005,684,1091,62.694775435380386
PubMed abstracts,meta,2010,M1 % articles reporting P,1430,4510,31.70731707317073
PubMed abstracts,meta,2010,M2 % exact (=) among P reports,3081,4541,67.84849152169126
PubMed abstracts,meta,2010,M3 % articles with >=1 P<=.05,1247,1430,87.2027972027972
PubMed abstracts,meta,2010,M4 % articles with >=1 P<=.005,879,1430,61.46853146853147
PubMed abstracts,meta,2011,M1 % articles reporting P,1902,5800,32.793103448275865
PubMed abstracts,meta,2011,M2 % exact (=) among P reports,4068,6082,66.88589279842157
PubMed abstracts,meta,2011,M3 % articles with >=1 P<=.05,1680,1902,88.32807570977918
PubMed abstracts,meta,2011,M4 % articles with >=1 P<=.005,1167,1902,61.35646687697161
PubMed abstracts,meta,2012,M1 % articles reporting P,2628,7729,34.001811359813686
PubMed abstracts,meta,2012,M2 % exact (=) among P reports,6018,8645,69.6124927703875
PubMed abstracts,meta,2012,M3 % articles with >=1 P<=.05,2305,2628,87.70928462709284
PubMed abstracts,meta,2012,M4 % articles with >=1 P<=.005,1623,2628,61.757990867579906
PubMed abstracts,meta,2013,M1 % articles reporting P,3439,9546,36.025560444165095
PubMed abstracts,meta,2013,M2 % exact (=) among P reports,8000,11720,68.25938566552901
PubMed abstracts,meta,2013,M3 % articles with >=1 P<=.05,3020,3439,87.8162256469904
PubMed abstracts,meta,2013,M4 % articles with >=1 P<=.005,2156,3439,62.69264321023553
PubMed abstracts,meta,2014,M1 % articles reporting P,4122,11132,37.02838663312971
PubMed abstracts,meta,2014,M2 % exact (=) among P reports,9463,14274,66.29536219700154
PubMed abstracts,meta,2014,M3 % articles with >=1 P<=.05,3630,4122,88.06404657933042
PubMed abstracts,meta,2014,M4 % articles with >=1 P<=.005,2556,4122,62.00873362445415
PubMed abstracts,meta,2015,M1 % articles reporting P,4709,12379,38.04022942079328
PubMed abstracts,meta,2015,M2 % exact (=) among P reports,10669,16329,65.3377426664217
PubMed abstracts,meta,2015,M3 % articles with >=1 P<=.05,4144,4709,88.00169887449564
PubMed abstracts,meta,2015,M4 % articles with >=1 P<=.005,2932,4709,62.26375026544914
PubMed abstracts,meta,2016,M1 % articles reporting P,4834,12998,37.19033697491922
PubMed abstracts,meta,2016,M2 % exact (=) among P reports,10656,16577,64.281836279182
PubMed abstracts,meta,2016,M3 % articles with >=1 P<=.05,4309,4834,89.13942904426976
PubMed abstracts,meta,2016,M4 % articles with >=1 P<=.005,3137,4834,64.89449731071576
PubMed abstracts,meta,2017,M1 % articles reporting P,5184,13709,37.814574367204024
PubMed abstracts,meta,2017,M2 % exact (=) among P reports,11666,18198,64.1059457083196
PubMed abstracts,meta,2017,M3 % articles with >=1 P<=.05,4588,5184,88.50308641975309
PubMed abstracts,meta,2017,M4 % articles with >=1 P<=.005,3326,5184,64.15895061728395
PubMed abstracts,meta,2018,M1 % articles reporting P,5559,14548,38.21143799835029
PubMed abstracts,meta,2018,M2 % exact (=) among P reports,12355,19300,64.01554404145078
PubMed abstracts,meta,2018,M3 % articles with >=1 P<=.05,4920,5559,88.50512682137075
PubMed abstracts,meta,2018,M4 % articles with >=1 P<=.005,3472,5559,62.45727648857708
PubMed abstracts,meta,2019,M1 % articles reporting P,6204,16283,38.10108702327581
PubMed abstracts,meta,2019,M2 % exact (=) among P reports,13890,22079,62.91045790117306
PubMed abstracts,meta,2019,M3 % articles with >=1 P<=.05,5521,6204,88.99097356544165
PubMed abstracts,meta,2019,M4 % articles with >=1 P<=.005,3906,6204,62.95938104448743
PubMed abstracts,meta,2020,M1 % articles reporting P,7517,19660,38.23499491353001
PubMed abstracts,meta,2020,M2 % exact (=) among P reports,17065,27410,62.258299890550894
PubMed abstracts,meta,2020,M3 % articles with >=1 P<=.05,6689,7517,88.98496740721032
PubMed abstracts,meta,2020,M4 % articles with >=1 P<=.005,4739,7517,63.04376746042304
PubMed abstracts,meta,2021,M1 % articles reporting P,8675,22723,38.177177309334155
PubMed abstracts,meta,2021,M2 % exact (=) among P reports,19210,31426,61.127728632342645
PubMed abstracts,meta,2021,M3 % articles with >=1 P<=.05,7734,8675,89.15273775216139
PubMed abstracts,meta,2021,M4 % articles with >=1 P<=.005,5484,8675,63.216138328530256
PubMed abstracts,meta,2022,M1 % articles reporting P,9009,23300,38.66523605150215
PubMed abstracts,meta,2022,M2 % exact (=) among P reports,19492,32562,59.86118788772188
PubMed abstracts,meta,2022,M3 % articles with >=1 P<=.05,8063,9009,89.4993894993895
PubMed abstracts,meta,2022,M4 % articles with >=1 P<=.005,5657,9009,62.792762792762794
PubMed abstracts,meta,2023,M1 % articles reporting P,8737,22483,38.860472356891876
PubMed abstracts,meta,2023,M2 % exact (=) among P reports,19131,31977,59.82737592644713
PubMed abstracts,meta,2023,M3 % articles with >=1 P<=.05,7855,8737,89.90500171683644
PubMed abstracts,meta,2023,M4 % articles with >=1 P<=.005,5425,8737,62.092251344855214
PubMed abstracts,meta,2024,M1 % articles reporting P,9418,23544,40.00169894665307
PubMed abstracts,meta,2024,M2 % exact (=) among P reports,20130,34664,58.071774751903995
PubMed abstracts,meta,2024,M3 % articles with >=1 P<=.05,8545,9418,90.73051603312805
PubMed abstracts,meta,2024,M4 % articles with >=1 P<=.005,5811,9418,61.70099808876619
PubMed abstracts,meta,2025,M1 % articles reporting P,5955,14518,41.01804656288745
PubMed abstracts,meta,2025,M2 % exact (=) among P reports,12852,22195,57.9049335435909
PubMed abstracts,meta,2025,M3 % articles with >=1 P<=.05,5363,5955,90.05877413937867
PubMed abstracts,meta,2025,M4 % articles with >=1 P<=.005,3571,5955,59.9664147774979
PubMed abstracts,review,1990,M1 % articles reporting P,181,24277,0.745561642707089
PubMed abstracts,review,1990,M2 % exact (=) among P reports,75,377,19.893899204244033
PubMed abstracts,review,1990,M3 % articles with >=1 P<=.05,179,181,98.89502762430939
PubMed abstracts,review,1990,M4 % articles with >=1 P<=.005,92,181,50.828729281767956
PubMed abstracts,review,1991,M1 % articles reporting P,197,26350,0.7476280834914611
PubMed abstracts,review,1991,M2 % exact (=) among P reports,106,449,23.608017817371937
PubMed abstracts,review,1991,M3 % articles with >=1 P<=.05,192,197,97.46192893401015
PubMed abstracts,review,1991,M4 % articles with >=1 P<=.005,106,197,53.807106598984774
PubMed abstracts,review,1992,M1 % articles reporting P,220,27779,0.7919651535332446
PubMed abstracts,review,1992,M2 % exact (=) among P reports,128,467,27.40899357601713
PubMed abstracts,review,1992,M3 % articles with >=1 P<=.05,215,220,97.72727272727273
PubMed abstracts,review,1992,M4 % articles with >=1 P<=.005,115,220,52.27272727272727
PubMed abstracts,review,1993,M1 % articles reporting P,207,29002,0.7137438797324323
PubMed abstracts,review,1993,M2 % exact (=) among P reports,151,436,34.63302752293578
PubMed abstracts,review,1993,M3 % articles with >=1 P<=.05,193,207,93.23671497584542
PubMed abstracts,review,1993,M4 % articles with >=1 P<=.005,96,207,46.3768115942029
PubMed abstracts,review,1994,M1 % articles reporting P,208,30760,0.6762028608582574
PubMed abstracts,review,1994,M2 % exact (=) among P reports,161,435,37.01149425287356
PubMed abstracts,review,1994,M3 % articles with >=1 P<=.05,195,208,93.75
PubMed abstracts,review,1994,M4 % articles with >=1 P<=.005,113,208,54.32692307692308
PubMed abstracts,review,1995,M1 % articles reporting P,258,33077,0.7799981860507301
PubMed abstracts,review,1995,M2 % exact (=) among P reports,229,576,39.75694444444444
PubMed abstracts,review,1995,M3 % articles with >=1 P<=.05,237,258,91.86046511627907
PubMed abstracts,review,1995,M4 % articles with >=1 P<=.005,131,258,50.775193798449614
PubMed abstracts,review,1996,M1 % articles reporting P,309,35582,0.8684166151424878
PubMed abstracts,review,1996,M2 % exact (=) among P reports,279,705,39.57446808510638
PubMed abstracts,review,1996,M3 % articles with >=1 P<=.05,290,309,93.85113268608414
PubMed abstracts,review,1996,M4 % articles with >=1 P<=.005,158,309,51.13268608414239
PubMed abstracts,review,1997,M1 % articles reporting P,306,37858,0.8082835860320143
PubMed abstracts,review,1997,M2 % exact (=) among P reports,300,725,41.37931034482759
PubMed abstracts,review,1997,M3 % articles with >=1 P<=.05,290,306,94.77124183006536
PubMed abstracts,review,1997,M4 % articles with >=1 P<=.005,149,306,48.69281045751634
PubMed abstracts,review,1998,M1 % articles reporting P,299,41132,0.7269279393173198
PubMed abstracts,review,1998,M2 % exact (=) among P reports,292,708,41.24293785310734
PubMed abstracts,review,1998,M3 % articles with >=1 P<=.05,285,299,95.31772575250837
PubMed abstracts,review,1998,M4 % articles with >=1 P<=.005,166,299,55.51839464882943
PubMed abstracts,review,1999,M1 % articles reporting P,246,42494,0.578905257212783
PubMed abstracts,review,1999,M2 % exact (=) among P reports,233,534,43.63295880149813
PubMed abstracts,review,1999,M3 % articles with >=1 P<=.05,237,246,96.34146341463415
PubMed abstracts,review,1999,M4 % articles with >=1 P<=.005,127,246,51.6260162601626
PubMed abstracts,review,2000,M1 % articles reporting P,286,48551,0.5890712858643489
PubMed abstracts,review,2000,M2 % exact (=) among P reports,266,562,47.330960854092524
PubMed abstracts,review,2000,M3 % articles with >=1 P<=.05,256,286,89.5104895104895
PubMed abstracts,review,2000,M4 % articles with >=1 P<=.005,151,286,52.7972027972028
PubMed abstracts,review,2001,M1 % articles reporting P,309,50445,0.6125483199524234
PubMed abstracts,review,2001,M2 % exact (=) among P reports,357,675,52.888888888888886
PubMed abstracts,review,2001,M3 % articles with >=1 P<=.05,292,309,94.49838187702265
PubMed abstracts,review,2001,M4 % articles with >=1 P<=.005,158,309,51.13268608414239
PubMed abstracts,review,2002,M1 % articles reporting P,335,55064,0.6083829725410431
PubMed abstracts,review,2002,M2 % exact (=) among P reports,377,739,51.0148849797023
PubMed abstracts,review,2002,M3 % articles with >=1 P<=.05,289,335,86.26865671641791
PubMed abstracts,review,2002,M4 % articles with >=1 P<=.005,175,335,52.23880597014925
PubMed abstracts,review,2003,M1 % articles reporting P,495,59729,0.8287431565906008
PubMed abstracts,review,2003,M2 % exact (=) among P reports,549,1077,50.97493036211699
PubMed abstracts,review,2003,M3 % articles with >=1 P<=.05,460,495,92.92929292929293
PubMed abstracts,review,2003,M4 % articles with >=1 P<=.005,250,495,50.505050505050505
PubMed abstracts,review,2004,M1 % articles reporting P,553,64980,0.8510310864881502
PubMed abstracts,review,2004,M2 % exact (=) among P reports,745,1356,54.94100294985251
PubMed abstracts,review,2004,M3 % articles with >=1 P<=.05,514,553,92.94755877034358
PubMed abstracts,review,2004,M4 % articles with >=1 P<=.005,299,553,54.06871609403255
PubMed abstracts,review,2005,M1 % articles reporting P,454,68723,0.6606230810645636
PubMed abstracts,review,2005,M2 % exact (=) among P reports,608,1135,53.56828193832599
PubMed abstracts,review,2005,M3 % articles with >=1 P<=.05,408,454,89.86784140969164
PubMed abstracts,review,2005,M4 % articles with >=1 P<=.005,260,454,57.268722466960355
PubMed abstracts,review,2006,M1 % articles reporting P,424,73521,0.5767059751635587
PubMed abstracts,review,2006,M2 % exact (=) among P reports,520,990,52.525252525252526
PubMed abstracts,review,2006,M3 % articles with >=1 P<=.05,395,424,93.16037735849056
PubMed abstracts,review,2006,M4 % articles with >=1 P<=.005,231,424,54.4811320754717
PubMed abstracts,review,2007,M1 % articles reporting P,487,76879,0.6334629742842649
PubMed abstracts,review,2007,M2 % exact (=) among P reports,629,1209,52.02646815550041
PubMed abstracts,review,2007,M3 % articles with >=1 P<=.05,452,487,92.81314168377824
PubMed abstracts,review,2007,M4 % articles with >=1 P<=.005,262,487,53.79876796714579
PubMed abstracts,review,2008,M1 % articles reporting P,472,78184,0.6037040826767625
PubMed abstracts,review,2008,M2 % exact (=) among P reports,667,1141,58.45749342681858
PubMed abstracts,review,2008,M3 % articles with >=1 P<=.05,424,472,89.83050847457628
PubMed abstracts,review,2008,M4 % articles with >=1 P<=.005,260,472,55.08474576271186
PubMed abstracts,review,2009,M1 % articles reporting P,528,79782,0.6618034143039784
PubMed abstracts,review,2009,M2 % exact (=) among P reports,717,1277,56.14722004698512
PubMed abstracts,review,2009,M3 % articles with >=1 P<=.05,479,528,90.71969696969697
PubMed abstracts,review,2009,M4 % articles with >=1 P<=.005,285,528,53.97727272727273
PubMed abstracts,review,2010,M1 % articles reporting P,616,84163,0.7319130734408231
PubMed abstracts,review,2010,M2 % exact (=) among P reports,846,1579,53.57821405953135
PubMed abstracts,review,2010,M3 % articles with >=1 P<=.05,566,616,91.88311688311688
PubMed abstracts,review,2010,M4 % articles with >=1 P<=.005,352,616,57.142857142857146
PubMed abstracts,review,2011,M1 % articles reporting P,698,89325,0.7814161768821718
PubMed abstracts,review,2011,M2 % exact (=) among P reports,990,1755,56.41025641025641
PubMed abstracts,review,2011,M3 % articles with >=1 P<=.05,639,698,91.54727793696276
PubMed abstracts,review,2011,M4 % articles with >=1 P<=.005,415,698,59.45558739255014
PubMed abstracts,review,2012,M1 % articles reporting P,809,94776,0.853591626572128
PubMed abstracts,review,2012,M2 % exact (=) among P reports,1207,2113,57.12257453857075
PubMed abstracts,review,2012,M3 % articles with >=1 P<=.05,735,809,90.85290482076638
PubMed abstracts,review,2012,M4 % articles with >=1 P<=.005,463,809,57.23114956736712
PubMed abstracts,review,2013,M1 % articles reporting P,939,99025,0.948245392577632
PubMed abstracts,review,2013,M2 % exact (=) among P reports,1371,2429,56.442980650473444
PubMed abstracts,review,2013,M3 % articles with >=1 P<=.05,861,939,91.69329073482429
PubMed abstracts,review,2013,M4 % articles with >=1 P<=.005,510,939,54.31309904153355
PubMed abstracts,review,2014,M1 % articles reporting P,1001,103221,0.9697639046318094
PubMed abstracts,review,2014,M2 % exact (=) among P reports,1399,2515,55.62624254473161
PubMed abstracts,review,2014,M3 % articles with >=1 P<=.05,904,1001,90.30969030969031
PubMed abstracts,review,2014,M4 % articles with >=1 P<=.005,545,1001,54.44555444555444
PubMed abstracts,review,2015,M1 % articles reporting P,1092,105352,1.0365251727541955
PubMed abstracts,review,2015,M2 % exact (=) among P reports,1624,2855,56.882661996497376
PubMed abstracts,review,2015,M3 % articles with >=1 P<=.05,988,1092,90.47619047619048
PubMed abstracts,review,2015,M4 % articles with >=1 P<=.005,599,1092,54.853479853479854
PubMed abstracts,review,2016,M1 % articles reporting P,1198,108365,1.1055230009689476
PubMed abstracts,review,2016,M2 % exact (=) among P reports,1912,3244,58.939580764488284
PubMed abstracts,review,2016,M3 % articles with >=1 P<=.05,1075,1198,89.73288814691152
PubMed abstracts,review,2016,M4 % articles with >=1 P<=.005,660,1198,55.09181969949916
PubMed abstracts,review,2017,M1 % articles reporting P,1204,109867,1.0958704615580657
PubMed abstracts,review,2017,M2 % exact (=) among P reports,1951,3232,60.36509900990099
PubMed abstracts,review,2017,M3 % articles with >=1 P<=.05,1070,1204,88.87043189368771
PubMed abstracts,review,2017,M4 % articles with >=1 P<=.005,638,1204,52.990033222591364
PubMed abstracts,review,2018,M1 % articles reporting P,1212,111873,1.083371322839291
PubMed abstracts,review,2018,M2 % exact (=) among P reports,1938,3266,59.338640538885485
PubMed abstracts,review,2018,M3 % articles with >=1 P<=.05,1063,1212,87.70627062706271
PubMed abstracts,review,2018,M4 % articles with >=1 P<=.005,637,1212,52.557755775577554
PubMed abstracts,review,2019,M1 % articles reporting P,1275,114998,1.1087149341727682
PubMed abstracts,review,2019,M2 % exact (=) among P reports,1956,3456,56.59722222222222
PubMed abstracts,review,2019,M3 % articles with >=1 P<=.05,1144,1275,89.72549019607843
PubMed abstracts,review,2019,M4 % articles with >=1 P<=.005,685,1275,53.72549019607843
PubMed abstracts,review,2020,M1 % articles reporting P,1552,131987,1.1758733814693871
PubMed abstracts,review,2020,M2 % exact (=) among P reports,2374,4245,55.924617196702
PubMed abstracts,review,2020,M3 % articles with >=1 P<=.05,1390,1552,89.5618556701031
PubMed abstracts,review,2020,M4 % articles with >=1 P<=.005,783,1552,50.45103092783505
PubMed abstracts,review,2021,M1 % articles reporting P,1971,142452,1.3836239575435936
PubMed abstracts,review,2021,M2 % exact (=) among P reports,2906,5310,54.72693032015066
PubMed abstracts,review,2021,M3 % articles with >=1 P<=.05,1798,1971,91.22272957889396
PubMed abstracts,review,2021,M4 % articles with >=1 P<=.005,1003,1971,50.887874175545406
PubMed abstracts,review,2022,M1 % articles reporting P,2504,136747,1.8311187813992262
PubMed abstracts,review,2022,M2 % exact (=) among P reports,3958,7050,56.141843971631204
PubMed abstracts,review,2022,M3 % articles with >=1 P<=.05,2271,2504,90.69488817891374
PubMed abstracts,review,2022,M4 % articles with >=1 P<=.005,1355,2504,54.11341853035144
PubMed abstracts,review,2023,M1 % articles reporting P,2402,128108,1.8749804852155993
PubMed abstracts,review,2023,M2 % exact (=) among P reports,4054,7097,57.12272791320276
PubMed abstracts,review,2023,M3 % articles with >=1 P<=.05,2196,2402,91.42381348875936
PubMed abstracts,review,2023,M4 % articles with >=1 P<=.005,1334,2402,55.537052456286425
PubMed abstracts,review,2024,M1 % articles reporting P,1713,137297,1.2476601819413389
PubMed abstracts,review,2024,M2 % exact (=) among P reports,2722,5005,54.38561438561439
PubMed abstracts,review,2024,M3 % articles with >=1 P<=.05,1574,1713,91.88558085230589
PubMed abstracts,review,2024,M4 % articles with >=1 P<=.005,951,1713,55.516637478108585
PubMed abstracts,review,2025,M1 % articles reporting P,835,84526,0.9878617230201359
PubMed abstracts,review,2025,M2 % exact (=) among P reports,1171,2253,51.9751442521083
PubMed abstracts,review,2025,M3 % articles with >=1 P<=.05,771,835,92.33532934131736
PubMed abstracts,review,2025,M4 % articles with >=1 P<=.005,431,835,51.616766467065865
PubMed abstracts,CUJ,1990,M1 % articles reporting P,5369,31431,17.0818618561293
PubMed abstracts,CUJ,1990,M2 % exact (=) among P reports,3452,13425,25.713221601489757
PubMed abstracts,CUJ,1990,M3 % articles with >=1 P<=.05,5225,5369,97.31793630098714
PubMed abstracts,CUJ,1990,M4 % articles with >=1 P<=.005,2796,5369,52.076736822499534
PubMed abstracts,CUJ,1991,M1 % articles reporting P,6086,32930,18.48162769511084
PubMed abstracts,CUJ,1991,M2 % exact (=) among P reports,4109,15542,26.438038862437267
PubMed abstracts,CUJ,1991,M3 % articles with >=1 P<=.05,5942,6086,97.63391390075583
PubMed abstracts,CUJ,1991,M4 % articles with >=1 P<=.005,3194,6086,52.48110417351298
PubMed abstracts,CUJ,1992,M1 % articles reporting P,6945,34868,19.917976368016518
PubMed abstracts,CUJ,1992,M2 % exact (=) among P reports,5292,18070,29.286109573879358
PubMed abstracts,CUJ,1992,M3 % articles with >=1 P<=.05,6754,6945,97.24982001439885
PubMed abstracts,CUJ,1992,M4 % articles with >=1 P<=.005,3678,6945,52.95896328293737
PubMed abstracts,CUJ,1993,M1 % articles reporting P,7542,36976,20.39701427953267
PubMed abstracts,CUJ,1993,M2 % exact (=) among P reports,6346,19713,32.19195454776036
PubMed abstracts,CUJ,1993,M3 % articles with >=1 P<=.05,7261,7542,96.27419782551047
PubMed abstracts,CUJ,1993,M4 % articles with >=1 P<=.005,4030,7542,53.43410236011668
PubMed abstracts,CUJ,1994,M1 % articles reporting P,8529,38717,22.02908283183098
PubMed abstracts,CUJ,1994,M2 % exact (=) among P reports,7813,22710,34.40334654337296
PubMed abstracts,CUJ,1994,M3 % articles with >=1 P<=.05,8189,8529,96.01360065658342
PubMed abstracts,CUJ,1994,M4 % articles with >=1 P<=.005,4555,8529,53.40602649783093
PubMed abstracts,CUJ,1995,M1 % articles reporting P,9266,40660,22.78898180029513
PubMed abstracts,CUJ,1995,M2 % exact (=) among P reports,9268,25521,36.31519141099486
PubMed abstracts,CUJ,1995,M3 % articles with >=1 P<=.05,8880,9266,95.83423267860998
PubMed abstracts,CUJ,1995,M4 % articles with >=1 P<=.005,4963,9266,53.561407295488884
PubMed abstracts,CUJ,1996,M1 % articles reporting P,9631,41001,23.489670983634547
PubMed abstracts,CUJ,1996,M2 % exact (=) among P reports,10109,26643,37.94242390121233
PubMed abstracts,CUJ,1996,M3 % articles with >=1 P<=.05,9277,9631,96.32436922437961
PubMed abstracts,CUJ,1996,M4 % articles with >=1 P<=.005,5277,9631,54.79181808742602
PubMed abstracts,CUJ,1997,M1 % articles reporting P,10353,42522,24.347396641738396
PubMed abstracts,CUJ,1997,M2 % exact (=) among P reports,11792,28921,40.773140624459735
PubMed abstracts,CUJ,1997,M3 % articles with >=1 P<=.05,9957,10353,96.17502173283107
PubMed abstracts,CUJ,1997,M4 % articles with >=1 P<=.005,5791,10353,55.935477639331594
PubMed abstracts,CUJ,1998,M1 % articles reporting P,10832,43762,24.75206800420456
PubMed abstracts,CUJ,1998,M2 % exact (=) among P reports,13568,30782,44.07770775128322
PubMed abstracts,CUJ,1998,M3 % articles with >=1 P<=.05,10382,10832,95.84564254062039
PubMed abstracts,CUJ,1998,M4 % articles with >=1 P<=.005,6136,10832,56.646971935007386
PubMed abstracts,CUJ,1999,M1 % articles reporting P,11497,45760,25.124562937062937
PubMed abstracts,CUJ,1999,M2 % exact (=) among P reports,14789,32504,45.4990155057839
PubMed abstracts,CUJ,1999,M3 % articles with >=1 P<=.05,10952,11497,95.25963294772549
PubMed abstracts,CUJ,1999,M4 % articles with >=1 P<=.005,6536,11497,56.84961294250674
PubMed abstracts,CUJ,2000,M1 % articles reporting P,11678,47381,24.64701040501467
PubMed abstracts,CUJ,2000,M2 % exact (=) among P reports,15739,32771,48.02721918769644
PubMed abstracts,CUJ,2000,M3 % articles with >=1 P<=.05,11120,11678,95.22178455214934
PubMed abstracts,CUJ,2000,M4 % articles with >=1 P<=.005,6660,11678,57.03031340983045
PubMed abstracts,CUJ,2001,M1 % articles reporting P,12573,47703,26.35683290359097
PubMed abstracts,CUJ,2001,M2 % exact (=) among P reports,17580,36108,48.687271518777
PubMed abstracts,CUJ,2001,M3 % articles with >=1 P<=.05,11999,12573,95.43466157639386
PubMed abstracts,CUJ,2001,M4 % articles with >=1 P<=.005,7229,12573,57.496222063151194
PubMed abstracts,CUJ,2002,M1 % articles reporting P,12945,48987,26.425378161553066
PubMed abstracts,CUJ,2002,M2 % exact (=) among P reports,18867,37771,49.951020624288475
PubMed abstracts,CUJ,2002,M3 % articles with >=1 P<=.05,12317,12945,95.14870606411742
PubMed abstracts,CUJ,2002,M4 % articles with >=1 P<=.005,7544,12945,58.277327153341055
PubMed abstracts,CUJ,2003,M1 % articles reporting P,14028,52486,26.727127233929046
PubMed abstracts,CUJ,2003,M2 % exact (=) among P reports,20714,40743,50.840635201138845
PubMed abstracts,CUJ,2003,M3 % articles with >=1 P<=.05,13303,14028,94.83176504134588
PubMed abstracts,CUJ,2003,M4 % articles with >=1 P<=.005,8138,14028,58.01254633589963
PubMed abstracts,CUJ,2004,M1 % articles reporting P,15339,55694,27.541566416490106
PubMed abstracts,CUJ,2004,M2 % exact (=) among P reports,23392,45228,51.72017334394623
PubMed abstracts,CUJ,2004,M3 % articles with >=1 P<=.05,14505,15339,94.56287893604538
PubMed abstracts,CUJ,2004,M4 % articles with >=1 P<=.005,9154,15339,59.67794510724298
PubMed abstracts,CUJ,2005,M1 % articles reporting P,17287,61604,28.061489513667944
PubMed abstracts,CUJ,2005,M2 % exact (=) among P reports,27246,51564,52.839190132650685
PubMed abstracts,CUJ,2005,M3 % articles with >=1 P<=.05,16322,17287,94.41777057904784
PubMed abstracts,CUJ,2005,M4 % articles with >=1 P<=.005,10360,17287,59.92942673685428
PubMed abstracts,CUJ,2006,M1 % articles reporting P,17802,64262,27.70221904080172
PubMed abstracts,CUJ,2006,M2 % exact (=) among P reports,27820,52427,53.064260781658305
PubMed abstracts,CUJ,2006,M3 % articles with >=1 P<=.05,16840,17802,94.59611279631503
PubMed abstracts,CUJ,2006,M4 % articles with >=1 P<=.005,10630,17802,59.71239186608246
PubMed abstracts,CUJ,2007,M1 % articles reporting P,18661,66637,28.003961762984527
PubMed abstracts,CUJ,2007,M2 % exact (=) among P reports,29976,55671,53.844910276445546
PubMed abstracts,CUJ,2007,M3 % articles with >=1 P<=.05,17660,18661,94.63587160387975
PubMed abstracts,CUJ,2007,M4 % articles with >=1 P<=.005,11481,18661,61.52403408177482
PubMed abstracts,CUJ,2008,M1 % articles reporting P,19384,68330,28.368213083565053
PubMed abstracts,CUJ,2008,M2 % exact (=) among P reports,32246,58449,55.16946397714246
PubMed abstracts,CUJ,2008,M3 % articles with >=1 P<=.05,18268,19384,94.24267437061494
PubMed abstracts,CUJ,2008,M4 % articles with >=1 P<=.005,11877,19384,61.27218324391251
PubMed abstracts,CUJ,2009,M1 % articles reporting P,20022,68450,29.25054784514244
PubMed abstracts,CUJ,2009,M2 % exact (=) among P reports,34499,60820,56.723117395593555
PubMed abstracts,CUJ,2009,M3 % articles with >=1 P<=.05,18874,20022,94.26630706223155
PubMed abstracts,CUJ,2009,M4 % articles with >=1 P<=.005,12246,20022,61.16272100689242
PubMed abstracts,CUJ,2010,M1 % articles reporting P,21194,70953,29.870477640127973
PubMed abstracts,CUJ,2010,M2 % exact (=) among P reports,36423,63869,57.027666003851635
PubMed abstracts,CUJ,2010,M3 % articles with >=1 P<=.05,19934,21194,94.05492120411438
PubMed abstracts,CUJ,2010,M4 % articles with >=1 P<=.005,12999,21194,61.33339624422006
PubMed abstracts,CUJ,2011,M1 % articles reporting P,22946,74380,30.849690777090615
PubMed abstracts,CUJ,2011,M2 % exact (=) among P reports,40810,70959,57.51208444312913
PubMed abstracts,CUJ,2011,M3 % articles with >=1 P<=.05,21570,22946,94.0033121241175
PubMed abstracts,CUJ,2011,M4 % articles with >=1 P<=.005,14222,22946,61.98030157761701
PubMed abstracts,CUJ,2012,M1 % articles reporting P,23327,74534,31.297126143773312
PubMed abstracts,CUJ,2012,M2 % exact (=) among P reports,42376,73274,57.83224609001829
PubMed abstracts,CUJ,2012,M3 % articles with >=1 P<=.05,21907,23327,93.91263342907361
PubMed abstracts,CUJ,2012,M4 % articles with >=1 P<=.005,14527,23327,62.27547477172375
PubMed abstracts,CUJ,2013,M1 % articles reporting P,24328,75326,32.296949260547485
PubMed abstracts,CUJ,2013,M2 % exact (=) among P reports,43898,76773,57.17895614343584
PubMed abstracts,CUJ,2013,M3 % articles with >=1 P<=.05,22853,24328,93.9370272936534
PubMed abstracts,CUJ,2013,M4 % articles with >=1 P<=.005,15128,24328,62.183492272278855
PubMed abstracts,CUJ,2014,M1 % articles reporting P,23606,72771,32.438746203844936
PubMed abstracts,CUJ,2014,M2 % exact (=) among P reports,43826,75195,58.2831305272957
PubMed abstracts,CUJ,2014,M3 % articles with >=1 P<=.05,22074,23606,93.51012454460731
PubMed abstracts,CUJ,2014,M4 % articles with >=1 P<=.005,14778,23606,62.6027281199695
PubMed abstracts,CUJ,2015,M1 % articles reporting P,24205,73088,33.11761164623468
PubMed abstracts,CUJ,2015,M2 % exact (=) among P reports,45199,77886,58.03225226613255
PubMed abstracts,CUJ,2015,M3 % articles with >=1 P<=.05,22593,24205,93.34021896302417
PubMed abstracts,CUJ,2015,M4 % articles with >=1 P<=.005,15288,24205,63.16050402809337
PubMed abstracts,CUJ,2016,M1 % articles reporting P,24735,73888,33.47634257254223
PubMed abstracts,CUJ,2016,M2 % exact (=) among P reports,47275,80486,58.73692319161096
PubMed abstracts,CUJ,2016,M3 % articles with >=1 P<=.05,23098,24735,93.38184758439458
PubMed abstracts,CUJ,2016,M4 % articles with >=1 P<=.005,15537,24735,62.81382656155245
PubMed abstracts,CUJ,2017,M1 % articles reporting P,23964,73771,32.48430955253419
PubMed abstracts,CUJ,2017,M2 % exact (=) among P reports,44971,76996,58.406930230141825
PubMed abstracts,CUJ,2017,M3 % articles with >=1 P<=.05,22273,23964,92.94358203972625
PubMed abstracts,CUJ,2017,M4 % articles with >=1 P<=.005,14829,23964,61.88032048072108
PubMed abstracts,CUJ,2018,M1 % articles reporting P,24167,74580,32.40412979351032
PubMed abstracts,CUJ,2018,M2 % exact (=) among P reports,45304,78203,57.93128140864161
PubMed abstracts,CUJ,2018,M3 % articles with >=1 P<=.05,22488,24167,93.05250962055696
PubMed abstracts,CUJ,2018,M4 % articles with >=1 P<=.005,15085,24167,62.419828692018044
PubMed abstracts,CUJ,2019,M1 % articles reporting P,24210,74905,32.320939857152396
PubMed abstracts,CUJ,2019,M2 % exact (=) among P reports,45450,78742,57.720149348505245
PubMed abstracts,CUJ,2019,M3 % articles with >=1 P<=.05,22469,24210,92.80875671210244
PubMed abstracts,CUJ,2019,M4 % articles with >=1 P<=.005,15085,24210,62.308963238331266
PubMed abstracts,CUJ,2020,M1 % articles reporting P,26155,82212,31.81409040042816
PubMed abstracts,CUJ,2020,M2 % exact (=) among P reports,49762,86059,57.82312134698289
PubMed abstracts,CUJ,2020,M3 % articles with >=1 P<=.05,24326,26155,93.00707321735806
PubMed abstracts,CUJ,2020,M4 % articles with >=1 P<=.005,16317,26155,62.385777098069205
PubMed abstracts,CUJ,2021,M1 % articles reporting P,26185,82375,31.787556904400606
PubMed abstracts,CUJ,2021,M2 % exact (=) among P reports,49195,85795,57.3401713386561
PubMed abstracts,CUJ,2021,M3 % articles with >=1 P<=.05,24330,26185,92.91579148367386
PubMed abstracts,CUJ,2021,M4 % articles with >=1 P<=.005,16482,26185,62.94443383616574
PubMed abstracts,CUJ,2022,M1 % articles reporting P,23109,72683,31.794229737352612
PubMed abstracts,CUJ,2022,M2 % exact (=) among P reports,44372,76585,57.93823855846445
PubMed abstracts,CUJ,2022,M3 % articles with >=1 P<=.05,21461,23109,92.86857934138214
PubMed abstracts,CUJ,2022,M4 % articles with >=1 P<=.005,14552,23109,62.971136786533386
PubMed abstracts,CUJ,2023,M1 % articles reporting P,21184,67683,31.29884904628932
PubMed abstracts,CUJ,2023,M2 % exact (=) among P reports,39909,70424,56.669601272293534
PubMed abstracts,CUJ,2023,M3 % articles with >=1 P<=.05,19667,21184,92.83893504531721
PubMed abstracts,CUJ,2023,M4 % articles with >=1 P<=.005,13355,21184,63.04286253776435
PubMed abstracts,CUJ,2024,M1 % articles reporting P,21495,69046,31.131419633287955
PubMed abstracts,CUJ,2024,M2 % exact (=) among P reports,41130,72145,57.01018781620348
PubMed abstracts,CUJ,2024,M3 % articles with >=1 P<=.05,19984,21495,92.97045824610375
PubMed abstracts,CUJ,2024,M4 % articles with >=1 P<=.005,13299,21495,61.8702023726448
PubMed abstracts,CUJ,2025,M1 % articles reporting P,13782,43477,31.699519286059296
PubMed abstracts,CUJ,2025,M2 % exact (=) among P reports,26376,46640,56.55231560891938
PubMed abstracts,CUJ,2025,M3 % articles with >=1 P<=.05,12764,13782,92.61355391089828
PubMed abstracts,CUJ,2025,M4 % articles with >=1 P<=.005,8562,13782,62.124510230735744
PMC abstracts,all,1990,M1 % articles reporting P,90,2340,3.8461538461538463
PMC abstracts,all,1990,M2 % exact (=) among P reports,77,197,39.08629441624365
PMC abstracts,all,1990,M3 % articles with >=1 P<=.05,86,90,95.55555555555556
PMC abstracts,all,1990,M4 % articles with >=1 P<=.005,54,90,60.0
PMC abstracts,all,1991,M1 % articles reporting P,139,2408,5.7724252491694354
PMC abstracts,all,1991,M2 % exact (=) among P reports,120,361,33.2409972299169
PMC abstracts,all,1991,M3 % articles with >=1 P<=.05,135,139,97.12230215827338
PMC abstracts,all,1991,M4 % articles with >=1 P<=.005,78,139,56.115107913669064
PMC abstracts,all,1992,M1 % articles reporting P,143,2444,5.851063829787234
PMC abstracts,all,1992,M2 % exact (=) among P reports,118,339,34.80825958702065
PMC abstracts,all,1992,M3 % articles with >=1 P<=.05,138,143,96.5034965034965
PMC abstracts,all,1992,M4 % articles with >=1 P<=.005,74,143,51.74825174825175
PMC abstracts,all,1993,M1 % articles reporting P,198,2815,7.033747779751332
PMC abstracts,all,1993,M2 % exact (=) among P reports,178,464,38.36206896551724
PMC abstracts,all,1993,M3 % articles with >=1 P<=.05,188,198,94.94949494949495
PMC abstracts,all,1993,M4 % articles with >=1 P<=.005,98,198,49.494949494949495
PMC abstracts,all,1994,M1 % articles reporting P,230,3102,7.414571244358479
PMC abstracts,all,1994,M2 % exact (=) among P reports,180,536,33.582089552238806
PMC abstracts,all,1994,M3 % articles with >=1 P<=.05,219,230,95.21739130434783
PMC abstracts,all,1994,M4 % articles with >=1 P<=.005,118,230,51.30434782608695
PMC abstracts,all,1995,M1 % articles reporting P,224,2947,7.600950118764845
PMC abstracts,all,1995,M2 % exact (=) among P reports,273,558,48.924731182795696
PMC abstracts,all,1995,M3 % articles with >=1 P<=.05,213,224,95.08928571428571
PMC abstracts,all,1995,M4 % articles with >=1 P<=.005,106,224,47.32142857142857
PMC abstracts,all,1996,M1 % articles reporting P,271,3102,8.736299161831077
PMC abstracts,all,1996,M2 % exact (=) among P reports,315,683,46.120058565153734
PMC abstracts,all,1996,M3 % articles with >=1 P<=.05,255,271,94.09594095940959
PMC abstracts,all,1996,M4 % articles with >=1 P<=.005,134,271,49.44649446494465
PMC abstracts,all,1997,M1 % articles reporting P,292,3244,9.001233045622689
PMC abstracts,all,1997,M2 % exact (=) among P reports,352,755,46.62251655629139
PMC abstracts,all,1997,M3 % articles with >=1 P<=.05,272,292,93.15068493150685
PMC abstracts,all,1997,M4 % articles with >=1 P<=.005,144,292,49.31506849315068
PMC abstracts,all,1998,M1 % articles reporting P,328,3421,9.5878398129202
PMC abstracts,all,1998,M2 % exact (=) among P reports,476,931,51.12781954887218
PMC abstracts,all,1998,M3 % articles with >=1 P<=.05,309,328,94.20731707317073
PMC abstracts,all,1998,M4 % articles with >=1 P<=.005,185,328,56.40243902439025
PMC abstracts,all,1999,M1 % articles reporting P,364,3516,10.352673492605232
PMC abstracts,all,1999,M2 % exact (=) among P reports,557,1056,52.746212121212125
PMC abstracts,all,1999,M3 % articles with >=1 P<=.05,351,364,96.42857142857143
PMC abstracts,all,1999,M4 % articles with >=1 P<=.005,203,364,55.76923076923077
PMC abstracts,all,2000,M1 % articles reporting P,354,3833,9.235585703104618
PMC abstracts,all,2000,M2 % exact (=) among P reports,431,902,47.78270509977827
PMC abstracts,all,2000,M3 % articles with >=1 P<=.05,331,354,93.50282485875707
PMC abstracts,all,2000,M4 % articles with >=1 P<=.005,175,354,49.43502824858757
PMC abstracts,all,2001,M1 % articles reporting P,449,4861,9.23678255502983
PMC abstracts,all,2001,M2 % exact (=) among P reports,591,1183,49.95773457311919
PMC abstracts,all,2001,M3 % articles with >=1 P<=.05,419,449,93.3184855233853
PMC abstracts,all,2001,M4 % articles with >=1 P<=.005,219,449,48.775055679287306
PMC abstracts,all,2002,M1 % articles reporting P,538,5456,9.860703812316716
PMC abstracts,all,2002,M2 % exact (=) among P reports,712,1506,47.277556440903055
PMC abstracts,all,2002,M3 % articles with >=1 P<=.05,508,538,94.42379182156134
PMC abstracts,all,2002,M4 % articles with >=1 P<=.005,286,538,53.15985130111524
PMC abstracts,all,2003,M1 % articles reporting P,663,6348,10.444234404536862
PMC abstracts,all,2003,M2 % exact (=) among P reports,845,1721,49.09936083672284
PMC abstracts,all,2003,M3 % articles with >=1 P<=.05,628,663,94.72096530920061
PMC abstracts,all,2003,M4 % articles with >=1 P<=.005,348,663,52.48868778280543
PMC abstracts,all,2004,M1 % articles reporting P,936,8615,10.864770748694138
PMC abstracts,all,2004,M2 % exact (=) among P reports,1323,2550,51.88235294117647
PMC abstracts,all,2004,M3 % articles with >=1 P<=.05,871,936,93.05555555555556
PMC abstracts,all,2004,M4 % articles with >=1 P<=.005,507,936,54.166666666666664
PMC abstracts,all,2005,M1 % articles reporting P,1374,13145,10.452643590718905
PMC abstracts,all,2005,M2 % exact (=) among P reports,1792,3649,49.10934502603453
PMC abstracts,all,2005,M3 % articles with >=1 P<=.05,1287,1374,93.66812227074236
PMC abstracts,all,2005,M4 % articles with >=1 P<=.005,727,1374,52.91120815138282
PMC abstracts,all,2006,M1 % articles reporting P,1978,17503,11.300919842312746
PMC abstracts,all,2006,M2 % exact (=) among P reports,2605,5322,48.947763998496804
PMC abstracts,all,2006,M3 % articles with >=1 P<=.05,1855,1978,93.78159757330637
PMC abstracts,all,2006,M4 % articles with >=1 P<=.005,1088,1978,55.00505561172902
PMC abstracts,all,2007,M1 % articles reporting P,2682,24455,10.967082396237988
PMC abstracts,all,2007,M2 % exact (=) among P reports,3625,7299,49.664337580490475
PMC abstracts,all,2007,M3 % articles with >=1 P<=.05,2513,2682,93.69873228933632
PMC abstracts,all,2007,M4 % articles with >=1 P<=.005,1398,2682,52.12527964205817
PMC abstracts,all,2008,M1 % articles reporting P,4055,38979,10.403037533030606
PMC abstracts,all,2008,M2 % exact (=) among P reports,5726,11350,50.44933920704846
PMC abstracts,all,2008,M3 % articles with >=1 P<=.05,3815,4055,94.0813810110974
PMC abstracts,all,2008,M4 % articles with >=1 P<=.005,2140,4055,52.77435265104809
PMC abstracts,all,2009,M1 % articles reporting P,5604,52975,10.578574799433696
PMC abstracts,all,2009,M2 % exact (=) among P reports,8093,15701,51.544487612253995
PMC abstracts,all,2009,M3 % articles with >=1 P<=.05,5274,5604,94.11134903640257
PMC abstracts,all,2009,M4 % articles with >=1 P<=.005,3003,5604,53.58672376873662
PMC abstracts,all,2010,M1 % articles reporting P,8241,71976,11.449649883294432
PMC abstracts,all,2010,M2 % exact (=) among P reports,11613,23192,50.07330113832356
PMC abstracts,all,2010,M3 % articles with >=1 P<=.05,7739,8241,93.9085062492416
PMC abstracts,all,2010,M4 % articles with >=1 P<=.005,4376,8241,53.10035189904138
PMC abstracts,all,2011,M1 % articles reporting P,11843,98163,12.06462720169514
PMC abstracts,all,2011,M2 % exact (=) among P reports,16923,33258,50.883997835107344
PMC abstracts,all,2011,M3 % articles with >=1 P<=.05,11140,11843,94.0640040530271
PMC abstracts,all,2011,M4 % articles with >=1 P<=.005,6336,11843,53.49995778096766
PMC abstracts,all,2012,M1 % articles reporting P,17471,132750,13.160828625235405
PMC abstracts,all,2012,M2 % exact (=) among P reports,25575,51009,50.138210903958125
PMC abstracts,all,2012,M3 % articles with >=1 P<=.05,16487,17471,94.3678095129071
PMC abstracts,all,2012,M4 % articles with >=1 P<=.005,9000,17471,51.51393738194723
PMC abstracts,all,2013,M1 % articles reporting P,23618,165606,14.26156057147688
PMC abstracts,all,2013,M2 % exact (=) among P reports,34669,69653,49.77387908632794
PMC abstracts,all,2013,M3 % articles with >=1 P<=.05,22199,23618,93.99187060716403
PMC abstracts,all,2013,M4 % articles with >=1 P<=.005,12333,23618,52.21864679481751
PMC abstracts,all,2014,M1 % articles reporting P,29512,199504,14.79268586093512
PMC abstracts,all,2014,M2 % exact (=) among P reports,43708,87015,50.2304200425214
PMC abstracts,all,2014,M3 % articles with >=1 P<=.05,27799,29512,94.19558145838981
PMC abstracts,all,2014,M4 % articles with >=1 P<=.005,15477,29512,52.44307400379507
PMC abstracts,all,2015,M1 % articles reporting P,34265,224992,15.229430379746836
PMC abstracts,all,2015,M2 % exact (=) among P reports,52497,103711,50.61854576660142
PMC abstracts,all,2015,M3 % articles with >=1 P<=.05,32189,34265,93.94133955931709
PMC abstracts,all,2015,M4 % articles with >=1 P<=.005,18124,34265,52.893623230701884
PMC abstracts,all,2016,M1 % articles reporting P,39710,254848,15.581837016574585
PMC abstracts,all,2016,M2 % exact (=) among P reports,65576,127186,51.55913386693504
PMC abstracts,all,2016,M3 % articles with >=1 P<=.05,37400,39710,94.18282548476455
PMC abstracts,all,2016,M4 % articles with >=1 P<=.005,21447,39710,54.00906572651725
PMC abstracts,all,2017,M1 % articles reporting P,45295,288944,15.676047953928789
PMC abstracts,all,2017,M2 % exact (=) among P reports,73161,141517,51.69767589759534
PMC abstracts,all,2017,M3 % articles with >=1 P<=.05,42494,45295,93.81609449166575
PMC abstracts,all,2017,M4 % articles with >=1 P<=.005,24438,45295,53.95297494204658
PMC abstracts,all,2018,M1 % articles reporting P,50687,321135,15.783704672489764
PMC abstracts,all,2018,M2 % exact (=) among P reports,83136,160582,51.7716805121371
PMC abstracts,all,2018,M3 % articles with >=1 P<=.05,47609,50687,93.92743701540829
PMC abstracts,all,2018,M4 % articles with >=1 P<=.005,27153,50687,53.56994890208535
PMC abstracts,all,2019,M1 % articles reporting P,60196,376411,15.992093748588644
PMC abstracts,all,2019,M2 % exact (=) among P reports,99597,192758,51.669450813973995
PMC abstracts,all,2019,M3 % articles with >=1 P<=.05,56622,60196,94.06272842049306
PMC abstracts,all,2019,M4 % articles with >=1 P<=.005,32680,60196,54.28932154960462
PMC abstracts,all,2020,M1 % articles reporting P,79539,503238,15.805443945012101
PMC abstracts,all,2020,M2 % exact (=) among P reports,132393,257776,51.35970765315623
PMC abstracts,all,2020,M3 % articles with >=1 P<=.05,74988,79539,94.27827858031908
PMC abstracts,all,2020,M4 % articles with >=1 P<=.005,43796,79539,55.06229648348609
PMC abstracts,all,2021,M1 % articles reporting P,105271,636841,16.530185713545453
PMC abstracts,all,2021,M2 % exact (=) among P reports,176228,341536,51.59866017052375
PMC abstracts,all,2021,M3 % articles with >=1 P<=.05,99373,105271,94.3973173998537
PMC abstracts,all,2021,M4 % articles with >=1 P<=.005,59014,105271,56.05912359529215
PMC abstracts,all,2022,M1 % articles reporting P,122606,728254,16.835609553809523
PMC abstracts,all,2022,M2 % exact (=) among P reports,203729,405827,50.20094769446094
PMC abstracts,all,2022,M3 % articles with >=1 P<=.05,115643,122606,94.32083258568096
PMC abstracts,all,2022,M4 % articles with >=1 P<=.005,67429,122606,54.99649283069344
PMC abstracts,all,2023,M1 % articles reporting P,109684,653607,16.781338021165624
PMC abstracts,all,2023,M2 % exact (=) among P reports,185759,364641,50.94298227571776
PMC abstracts,all,2023,M3 % articles with >=1 P<=.05,103374,109684,94.2471098792896
PMC abstracts,all,2023,M4 % articles with >=1 P<=.005,61168,109684,55.76747748076292
PMC abstracts,all,2024,M1 % articles reporting P,115246,656318,17.55947574194217
PMC abstracts,all,2024,M2 % exact (=) among P reports,193951,386281,50.20982134767177
PMC abstracts,all,2024,M3 % articles with >=1 P<=.05,108679,115246,94.30175450774864
PMC abstracts,all,2024,M4 % articles with >=1 P<=.005,64410,115246,55.88914148864169
PMC abstracts,all,2025,M1 % articles reporting P,99906,513363,19.461083093249805
PMC abstracts,all,2025,M2 % exact (=) among P reports,166876,337888,49.38796287527228
PMC abstracts,all,2025,M3 % articles with >=1 P<=.05,94665,99906,94.75406882469521
PMC abstracts,all,2025,M4 % articles with >=1 P<=.005,56914,99906,56.967549496526736
PMC abstracts,RCT,1990,M1 % articles reporting P,3,11,
PMC abstracts,RCT,1990,M2 % exact (=) among P reports,2,4,
PMC abstracts,RCT,1990,M3 % articles with >=1 P<=.05,2,3,
PMC abstracts,RCT,1990,M4 % articles with >=1 P<=.005,1,3,
PMC abstracts,RCT,1991,M1 % articles reporting P,10,20,
PMC abstracts,RCT,1991,M2 % exact (=) among P reports,15,26,
PMC abstracts,RCT,1991,M3 % articles with >=1 P<=.05,10,10,
PMC abstracts,RCT,1991,M4 % articles with >=1 P<=.005,6,10,
PMC abstracts,RCT,1992,M1 % articles reporting P,6,16,
PMC abstracts,RCT,1992,M2 % exact (=) among P reports,11,13,
PMC abstracts,RCT,1992,M3 % articles with >=1 P<=.05,6,6,
PMC abstracts,RCT,1992,M4 % articles with >=1 P<=.005,2,6,
PMC abstracts,RCT,1993,M1 % articles reporting P,14,29,
PMC abstracts,RCT,1993,M2 % exact (=) among P reports,23,38,
PMC abstracts,RCT,1993,M3 % articles with >=1 P<=.05,14,14,
PMC abstracts,RCT,1993,M4 % articles with >=1 P<=.005,6,14,
PMC abstracts,RCT,1994,M1 % articles reporting P,18,36,
PMC abstracts,RCT,1994,M2 % exact (=) among P reports,22,40,
PMC abstracts,RCT,1994,M3 % articles with >=1 P<=.05,16,18,
PMC abstracts,RCT,1994,M4 % articles with >=1 P<=.005,7,18,
PMC abstracts,RCT,1995,M1 % articles reporting P,15,29,
PMC abstracts,RCT,1995,M2 % exact (=) among P reports,20,30,
PMC abstracts,RCT,1995,M3 % articles with >=1 P<=.05,13,15,
PMC abstracts,RCT,1995,M4 % articles with >=1 P<=.005,7,15,
PMC abstracts,RCT,1996,M1 % articles reporting P,18,43,
PMC abstracts,RCT,1996,M2 % exact (=) among P reports,33,54,61.111111111111114
PMC abstracts,RCT,1996,M3 % articles with >=1 P<=.05,14,18,
PMC abstracts,RCT,1996,M4 % articles with >=1 P<=.005,6,18,
PMC abstracts,RCT,1997,M1 % articles reporting P,17,28,
PMC abstracts,RCT,1997,M2 % exact (=) among P reports,45,55,81.81818181818181
PMC abstracts,RCT,1997,M3 % articles with >=1 P<=.05,15,17,
PMC abstracts,RCT,1997,M4 % articles with >=1 P<=.005,8,17,
PMC abstracts,RCT,1998,M1 % articles reporting P,25,43,
PMC abstracts,RCT,1998,M2 % exact (=) among P reports,45,69,65.21739130434783
PMC abstracts,RCT,1998,M3 % articles with >=1 P<=.05,21,25,
PMC abstracts,RCT,1998,M4 % articles with >=1 P<=.005,14,25,
PMC abstracts,RCT,1999,M1 % articles reporting P,16,37,
PMC abstracts,RCT,1999,M2 % exact (=) among P reports,27,49,
PMC abstracts,RCT,1999,M3 % articles with >=1 P<=.05,13,16,
PMC abstracts,RCT,1999,M4 % articles with >=1 P<=.005,10,16,
PMC abstracts,RCT,2000,M1 % articles reporting P,21,45,
PMC abstracts,RCT,2000,M2 % exact (=) among P reports,24,44,
PMC abstracts,RCT,2000,M3 % articles with >=1 P<=.05,18,21,
PMC abstracts,RCT,2000,M4 % articles with >=1 P<=.005,7,21,
PMC abstracts,RCT,2001,M1 % articles reporting P,34,65,52.30769230769231
PMC abstracts,RCT,2001,M2 % exact (=) among P reports,44,78,56.41025641025641
PMC abstracts,RCT,2001,M3 % articles with >=1 P<=.05,26,34,
PMC abstracts,RCT,2001,M4 % articles with >=1 P<=.005,8,34,
PMC abstracts,RCT,2002,M1 % articles reporting P,34,75,45.333333333333336
PMC abstracts,RCT,2002,M2 % exact (=) among P reports,47,85,55.294117647058826
PMC abstracts,RCT,2002,M3 % articles with >=1 P<=.05,30,34,
PMC abstracts,RCT,2002,M4 % articles with >=1 P<=.005,12,34,
PMC abstracts,RCT,2003,M1 % articles reporting P,36,76,47.36842105263158
PMC abstracts,RCT,2003,M2 % exact (=) among P reports,48,93,51.61290322580645
PMC abstracts,RCT,2003,M3 % articles with >=1 P<=.05,32,36,
PMC abstracts,RCT,2003,M4 % articles with >=1 P<=.005,16,36,
PMC abstracts,RCT,2004,M1 % articles reporting P,71,160,44.375
PMC abstracts,RCT,2004,M2 % exact (=) among P reports,111,203,54.679802955665025
PMC abstracts,RCT,2004,M3 % articles with >=1 P<=.05,59,71,83.09859154929578
PMC abstracts,RCT,2004,M4 % articles with >=1 P<=.005,31,71,43.66197183098591
PMC abstracts,RCT,2005,M1 % articles reporting P,92,195,47.17948717948718
PMC abstracts,RCT,2005,M2 % exact (=) among P reports,161,262,61.45038167938932
PMC abstracts,RCT,2005,M3 % articles with >=1 P<=.05,84,92,91.30434782608695
PMC abstracts,RCT,2005,M4 % articles with >=1 P<=.005,48,92,52.17391304347826
PMC abstracts,RCT,2006,M1 % articles reporting P,123,263,46.7680608365019
PMC abstracts,RCT,2006,M2 % exact (=) among P reports,215,376,57.180851063829785
PMC abstracts,RCT,2006,M3 % articles with >=1 P<=.05,109,123,88.6178861788618
PMC abstracts,RCT,2006,M4 % articles with >=1 P<=.005,74,123,60.16260162601626
PMC abstracts,RCT,2007,M1 % articles reporting P,214,483,44.3064182194617
PMC abstracts,RCT,2007,M2 % exact (=) among P reports,334,587,56.899488926746166
PMC abstracts,RCT,2007,M3 % articles with >=1 P<=.05,187,214,87.38317757009345
PMC abstracts,RCT,2007,M4 % articles with >=1 P<=.005,103,214,48.13084112149533
PMC abstracts,RCT,2008,M1 % articles reporting P,333,759,43.873517786561266
PMC abstracts,RCT,2008,M2 % exact (=) among P reports,559,973,57.45118191161357
PMC abstracts,RCT,2008,M3 % articles with >=1 P<=.05,295,333,88.58858858858859
PMC abstracts,RCT,2008,M4 % articles with >=1 P<=.005,179,333,53.753753753753756
PMC abstracts,RCT,2009,M1 % articles reporting P,439,1079,40.68582020389249
PMC abstracts,RCT,2009,M2 % exact (=) among P reports,774,1324,58.45921450151057
PMC abstracts,RCT,2009,M3 % articles with >=1 P<=.05,387,439,88.15489749430525
PMC abstracts,RCT,2009,M4 % articles with >=1 P<=.005,216,439,49.20273348519362
PMC abstracts,RCT,2010,M1 % articles reporting P,601,1460,41.16438356164384
PMC abstracts,RCT,2010,M2 % exact (=) among P reports,1080,1812,59.602649006622514
PMC abstracts,RCT,2010,M3 % articles with >=1 P<=.05,545,601,90.68219633943427
PMC abstracts,RCT,2010,M4 % articles with >=1 P<=.005,313,601,52.079866888519135
PMC abstracts,RCT,2011,M1 % articles reporting P,797,2041,39.049485546300836
PMC abstracts,RCT,2011,M2 % exact (=) among P reports,1551,2444,63.46153846153846
PMC abstracts,RCT,2011,M3 % articles with >=1 P<=.05,712,797,89.33500627352572
PMC abstracts,RCT,2011,M4 % articles with >=1 P<=.005,417,797,52.32120451693852
PMC abstracts,RCT,2012,M1 % articles reporting P,977,2513,38.87783525666534
PMC abstracts,RCT,2012,M2 % exact (=) among P reports,1773,2895,61.24352331606217
PMC abstracts,RCT,2012,M3 % articles with >=1 P<=.05,891,977,91.19754350051177
PMC abstracts,RCT,2012,M4 % articles with >=1 P<=.005,500,977,51.17707267144319
PMC abstracts,RCT,2013,M1 % articles reporting P,1382,3452,40.03476245654693
PMC abstracts,RCT,2013,M2 % exact (=) among P reports,2636,4396,59.96360327570519
PMC abstracts,RCT,2013,M3 % articles with >=1 P<=.05,1238,1382,89.58031837916063
PMC abstracts,RCT,2013,M4 % articles with >=1 P<=.005,730,1382,52.821997105643995
PMC abstracts,RCT,2014,M1 % articles reporting P,1767,4240,41.674528301886795
PMC abstracts,RCT,2014,M2 % exact (=) among P reports,3353,5591,59.97138257914506
PMC abstracts,RCT,2014,M3 % articles with >=1 P<=.05,1594,1767,90.20939445387663
PMC abstracts,RCT,2014,M4 % articles with >=1 P<=.005,896,1767,50.70741369552915
PMC abstracts,RCT,2015,M1 % articles reporting P,1962,4700,41.744680851063826
PMC abstracts,RCT,2015,M2 % exact (=) among P reports,3673,6045,60.76095947063689
PMC abstracts,RCT,2015,M3 % articles with >=1 P<=.05,1749,1962,89.14373088685015
PMC abstracts,RCT,2015,M4 % articles with >=1 P<=.005,980,1962,49.94903160040775
PMC abstracts,RCT,2016,M1 % articles reporting P,2224,5052,44.0221694378464
PMC abstracts,RCT,2016,M2 % exact (=) among P reports,4346,7144,60.83426651735722
PMC abstracts,RCT,2016,M3 % articles with >=1 P<=.05,2007,2224,90.24280575539568
PMC abstracts,RCT,2016,M4 % articles with >=1 P<=.005,1116,2224,50.17985611510792
PMC abstracts,RCT,2017,M1 % articles reporting P,2405,5481,43.87885422368181
PMC abstracts,RCT,2017,M2 % exact (=) among P reports,4521,7669,58.95162341895945
PMC abstracts,RCT,2017,M3 % articles with >=1 P<=.05,2152,2405,89.48024948024948
PMC abstracts,RCT,2017,M4 % articles with >=1 P<=.005,1206,2405,50.145530145530145
PMC abstracts,RCT,2018,M1 % articles reporting P,2594,5304,48.906485671191554
PMC abstracts,RCT,2018,M2 % exact (=) among P reports,5006,8198,61.06367406684557
PMC abstracts,RCT,2018,M3 % articles with >=1 P<=.05,2308,2594,88.9745566692367
PMC abstracts,RCT,2018,M4 % articles with >=1 P<=.005,1316,2594,50.73245952197379
PMC abstracts,RCT,2019,M1 % articles reporting P,2992,5865,51.01449275362319
PMC abstracts,RCT,2019,M2 % exact (=) among P reports,5880,9618,61.1353711790393
PMC abstracts,RCT,2019,M3 % articles with >=1 P<=.05,2675,2992,89.40508021390374
PMC abstracts,RCT,2019,M4 % articles with >=1 P<=.005,1536,2992,51.336898395721924
PMC abstracts,RCT,2020,M1 % articles reporting P,3647,7035,51.840796019900495
PMC abstracts,RCT,2020,M2 % exact (=) among P reports,7074,11612,60.91973820186014
PMC abstracts,RCT,2020,M3 % articles with >=1 P<=.05,3249,3647,89.0869207567864
PMC abstracts,RCT,2020,M4 % articles with >=1 P<=.005,1829,3647,50.15080888401426
PMC abstracts,RCT,2021,M1 % articles reporting P,4324,8116,53.27747658945293
PMC abstracts,RCT,2021,M2 % exact (=) among P reports,8305,13748,60.40878673261565
PMC abstracts,RCT,2021,M3 % articles with >=1 P<=.05,3845,4324,88.9222941720629
PMC abstracts,RCT,2021,M4 % articles with >=1 P<=.005,2187,4324,50.578168362627196
PMC abstracts,RCT,2022,M1 % articles reporting P,5214,9663,53.95839801303943
PMC abstracts,RCT,2022,M2 % exact (=) among P reports,9706,17602,55.141461197591184
PMC abstracts,RCT,2022,M3 % articles with >=1 P<=.05,4672,5214,89.60490985807442
PMC abstracts,RCT,2022,M4 % articles with >=1 P<=.005,2564,5214,49.1752972765631
PMC abstracts,RCT,2023,M1 % articles reporting P,4346,8016,54.21656686626746
PMC abstracts,RCT,2023,M2 % exact (=) among P reports,8306,14315,58.02305274187915
PMC abstracts,RCT,2023,M3 % articles with >=1 P<=.05,3830,4346,88.12701334560515
PMC abstracts,RCT,2023,M4 % articles with >=1 P<=.005,2247,4346,51.702715140358954
PMC abstracts,RCT,2024,M1 % articles reporting P,5006,8616,58.10120705663881
PMC abstracts,RCT,2024,M2 % exact (=) among P reports,9813,17134,57.27209058013307
PMC abstracts,RCT,2024,M3 % articles with >=1 P<=.05,4487,5006,89.63244107071515
PMC abstracts,RCT,2024,M4 % articles with >=1 P<=.005,2586,5006,51.65801038753496
PMC abstracts,RCT,2025,M1 % articles reporting P,4139,7148,57.90430889759373
PMC abstracts,RCT,2025,M2 % exact (=) among P reports,8009,14317,55.94049032618565
PMC abstracts,RCT,2025,M3 % articles with >=1 P<=.05,3692,4139,89.20028992510268
PMC abstracts,RCT,2025,M4 % articles with >=1 P<=.005,2172,4139,52.476443585407104
PMC abstracts,CT,1990,M1 % articles reporting P,1,10,
PMC abstracts,CT,1990,M2 % exact (=) among P reports,0,1,
PMC abstracts,CT,1990,M3 % articles with >=1 P<=.05,1,1,
PMC abstracts,CT,1990,M4 % articles with >=1 P<=.005,0,1,
PMC abstracts,CT,1991,M1 % articles reporting P,3,28,
PMC abstracts,CT,1991,M2 % exact (=) among P reports,3,5,
PMC abstracts,CT,1991,M3 % articles with >=1 P<=.05,3,3,
PMC abstracts,CT,1991,M4 % articles with >=1 P<=.005,3,3,
PMC abstracts,CT,1992,M1 % articles reporting P,2,30,
PMC abstracts,CT,1992,M2 % exact (=) among P reports,0,2,
PMC abstracts,CT,1992,M3 % articles with >=1 P<=.05,2,2,
PMC abstracts,CT,1992,M4 % articles with >=1 P<=.005,0,2,
PMC abstracts,CT,1993,M1 % articles reporting P,9,43,
PMC abstracts,CT,1993,M2 % exact (=) among P reports,7,18,
PMC abstracts,CT,1993,M3 % articles with >=1 P<=.05,8,9,
PMC abstracts,CT,1993,M4 % articles with >=1 P<=.005,7,9,
PMC abstracts,CT,1994,M1 % articles reporting P,14,60,23.333333333333332
PMC abstracts,CT,1994,M2 % exact (=) among P reports,10,31,
PMC abstracts,CT,1994,M3 % articles with >=1 P<=.05,14,14,
PMC abstracts,CT,1994,M4 % articles with >=1 P<=.005,10,14,
PMC abstracts,CT,1995,M1 % articles reporting P,11,64,17.1875
PMC abstracts,CT,1995,M2 % exact (=) among P reports,9,19,
PMC abstracts,CT,1995,M3 % articles with >=1 P<=.05,10,11,
PMC abstracts,CT,1995,M4 % articles with >=1 P<=.005,2,11,
PMC abstracts,CT,1996,M1 % articles reporting P,8,62,12.903225806451612
PMC abstracts,CT,1996,M2 % exact (=) among P reports,20,26,
PMC abstracts,CT,1996,M3 % articles with >=1 P<=.05,8,8,
PMC abstracts,CT,1996,M4 % articles with >=1 P<=.005,3,8,
PMC abstracts,CT,1997,M1 % articles reporting P,14,68,20.58823529411765
PMC abstracts,CT,1997,M2 % exact (=) among P reports,8,43,
PMC abstracts,CT,1997,M3 % articles with >=1 P<=.05,13,14,
PMC abstracts,CT,1997,M4 % articles with >=1 P<=.005,6,14,
PMC abstracts,CT,1998,M1 % articles reporting P,21,95,22.105263157894736
PMC abstracts,CT,1998,M2 % exact (=) among P reports,65,80,81.25
PMC abstracts,CT,1998,M3 % articles with >=1 P<=.05,20,21,
PMC abstracts,CT,1998,M4 % articles with >=1 P<=.005,8,21,
PMC abstracts,CT,1999,M1 % articles reporting P,23,103,22.33009708737864
PMC abstracts,CT,1999,M2 % exact (=) among P reports,33,57,57.89473684210526
PMC abstracts,CT,1999,M3 % articles with >=1 P<=.05,22,23,
PMC abstracts,CT,1999,M4 % articles with >=1 P<=.005,7,23,
PMC abstracts,CT,2000,M1 % articles reporting P,20,77,25.974025974025974
PMC abstracts,CT,2000,M2 % exact (=) among P reports,20,49,
PMC abstracts,CT,2000,M3 % articles with >=1 P<=.05,19,20,
PMC abstracts,CT,2000,M4 % articles with >=1 P<=.005,8,20,
PMC abstracts,CT,2001,M1 % articles reporting P,26,84,30.952380952380953
PMC abstracts,CT,2001,M2 % exact (=) among P reports,27,56,48.214285714285715
PMC abstracts,CT,2001,M3 % articles with >=1 P<=.05,26,26,
PMC abstracts,CT,2001,M4 % articles with >=1 P<=.005,9,26,
PMC abstracts,CT,2002,M1 % articles reporting P,11,90,12.222222222222221
PMC abstracts,CT,2002,M2 % exact (=) among P reports,14,24,
PMC abstracts,CT,2002,M3 % articles with >=1 P<=.05,11,11,
PMC abstracts,CT,2002,M4 % articles with >=1 P<=.005,5,11,
PMC abstracts,CT,2003,M1 % articles reporting P,27,109,24.770642201834864
PMC abstracts,CT,2003,M2 % exact (=) among P reports,36,68,52.94117647058823
PMC abstracts,CT,2003,M3 % articles with >=1 P<=.05,27,27,
PMC abstracts,CT,2003,M4 % articles with >=1 P<=.005,16,27,
PMC abstracts,CT,2004,M1 % articles reporting P,59,206,28.640776699029125
PMC abstracts,CT,2004,M2 % exact (=) among P reports,65,151,43.04635761589404
PMC abstracts,CT,2004,M3 % articles with >=1 P<=.05,56,59,94.91525423728814
PMC abstracts,CT,2004,M4 % articles with >=1 P<=.005,30,59,50.847457627118644
PMC abstracts,CT,2005,M1 % articles reporting P,57,195,29.23076923076923
PMC abstracts,CT,2005,M2 % exact (=) among P reports,67,138,48.55072463768116
PMC abstracts,CT,2005,M3 % articles with >=1 P<=.05,53,57,92.98245614035088
PMC abstracts,CT,2005,M4 % articles with >=1 P<=.005,29,57,50.87719298245614
PMC abstracts,CT,2006,M1 % articles reporting P,57,131,43.51145038167939
PMC abstracts,CT,2006,M2 % exact (=) among P reports,72,163,44.171779141104295
PMC abstracts,CT,2006,M3 % articles with >=1 P<=.05,56,57,98.24561403508773
PMC abstracts,CT,2006,M4 % articles with >=1 P<=.005,35,57,61.40350877192982
PMC abstracts,CT,2007,M1 % articles reporting P,55,158,34.81012658227848
PMC abstracts,CT,2007,M2 % exact (=) among P reports,83,147,56.46258503401361
PMC abstracts,CT,2007,M3 % articles with >=1 P<=.05,49,55,89.0909090909091
PMC abstracts,CT,2007,M4 % articles with >=1 P<=.005,19,55,34.54545454545455
PMC abstracts,CT,2008,M1 % articles reporting P,73,182,40.10989010989011
PMC abstracts,CT,2008,M2 % exact (=) among P reports,113,205,55.1219512195122
PMC abstracts,CT,2008,M3 % articles with >=1 P<=.05,70,73,95.89041095890411
PMC abstracts,CT,2008,M4 % articles with >=1 P<=.005,42,73,57.534246575342465
PMC abstracts,CT,2009,M1 % articles reporting P,95,220,43.18181818181818
PMC abstracts,CT,2009,M2 % exact (=) among P reports,151,302,50.0
PMC abstracts,CT,2009,M3 % articles with >=1 P<=.05,92,95,96.84210526315789
PMC abstracts,CT,2009,M4 % articles with >=1 P<=.005,65,95,68.42105263157895
PMC abstracts,CT,2010,M1 % articles reporting P,124,362,34.25414364640884
PMC abstracts,CT,2010,M2 % exact (=) among P reports,210,354,59.32203389830509
PMC abstracts,CT,2010,M3 % articles with >=1 P<=.05,120,124,96.7741935483871
PMC abstracts,CT,2010,M4 % articles with >=1 P<=.005,73,124,58.87096774193548
PMC abstracts,CT,2011,M1 % articles reporting P,188,507,37.08086785009862
PMC abstracts,CT,2011,M2 % exact (=) among P reports,302,573,52.705061082024436
PMC abstracts,CT,2011,M3 % articles with >=1 P<=.05,181,188,96.27659574468085
PMC abstracts,CT,2011,M4 % articles with >=1 P<=.005,125,188,66.48936170212765
PMC abstracts,CT,2012,M1 % articles reporting P,323,865,37.34104046242775
PMC abstracts,CT,2012,M2 % exact (=) among P reports,597,1041,57.34870317002882
PMC abstracts,CT,2012,M3 % articles with >=1 P<=.05,307,323,95.04643962848297
PMC abstracts,CT,2012,M4 % articles with >=1 P<=.005,188,323,58.204334365325074
PMC abstracts,CT,2013,M1 % articles reporting P,459,1300,35.30769230769231
PMC abstracts,CT,2013,M2 % exact (=) among P reports,750,1409,53.22924059616749
PMC abstracts,CT,2013,M3 % articles with >=1 P<=.05,443,459,96.51416122004358
PMC abstracts,CT,2013,M4 % articles with >=1 P<=.005,254,459,55.33769063180828
PMC abstracts,CT,2014,M1 % articles reporting P,542,1455,37.25085910652921
PMC abstracts,CT,2014,M2 % exact (=) among P reports,918,1741,52.7283170591614
PMC abstracts,CT,2014,M3 % articles with >=1 P<=.05,520,542,95.9409594095941
PMC abstracts,CT,2014,M4 % articles with >=1 P<=.005,323,542,59.59409594095941
PMC abstracts,CT,2015,M1 % articles reporting P,570,1457,39.121482498284145
PMC abstracts,CT,2015,M2 % exact (=) among P reports,862,1778,48.481439820022494
PMC abstracts,CT,2015,M3 % articles with >=1 P<=.05,546,570,95.78947368421052
PMC abstracts,CT,2015,M4 % articles with >=1 P<=.005,338,570,59.29824561403509
PMC abstracts,CT,2016,M1 % articles reporting P,617,1479,41.71737660581474
PMC abstracts,CT,2016,M2 % exact (=) among P reports,1001,1916,52.24425887265136
PMC abstracts,CT,2016,M3 % articles with >=1 P<=.05,594,617,96.27228525121556
PMC abstracts,CT,2016,M4 % articles with >=1 P<=.005,370,617,59.967585089141004
PMC abstracts,CT,2017,M1 % articles reporting P,552,1332,41.44144144144144
PMC abstracts,CT,2017,M2 % exact (=) among P reports,993,1793,55.382041271611826
PMC abstracts,CT,2017,M3 % articles with >=1 P<=.05,515,552,93.29710144927536
PMC abstracts,CT,2017,M4 % articles with >=1 P<=.005,309,552,55.97826086956522
PMC abstracts,CT,2018,M1 % articles reporting P,691,1821,37.946183415705654
PMC abstracts,CT,2018,M2 % exact (=) among P reports,1205,2257,53.38945502879929
PMC abstracts,CT,2018,M3 % articles with >=1 P<=.05,655,691,94.79015918958032
PMC abstracts,CT,2018,M4 % articles with >=1 P<=.005,418,691,60.492040520984084
PMC abstracts,CT,2019,M1 % articles reporting P,820,2133,38.443506797937175
PMC abstracts,CT,2019,M2 % exact (=) among P reports,1442,2687,53.665798288053594
PMC abstracts,CT,2019,M3 % articles with >=1 P<=.05,783,820,95.48780487804878
PMC abstracts,CT,2019,M4 % articles with >=1 P<=.005,473,820,57.68292682926829
PMC abstracts,CT,2020,M1 % articles reporting P,750,1919,39.08285565398645
PMC abstracts,CT,2020,M2 % exact (=) among P reports,1380,2469,55.89307411907655
PMC abstracts,CT,2020,M3 % articles with >=1 P<=.05,717,750,95.6
PMC abstracts,CT,2020,M4 % articles with >=1 P<=.005,424,750,56.53333333333333
PMC abstracts,CT,2021,M1 % articles reporting P,885,2298,38.51174934725849
PMC abstracts,CT,2021,M2 % exact (=) among P reports,1713,3054,56.09037328094303
PMC abstracts,CT,2021,M3 % articles with >=1 P<=.05,835,885,94.35028248587571
PMC abstracts,CT,2021,M4 % articles with >=1 P<=.005,529,885,59.77401129943503
PMC abstracts,CT,2022,M1 % articles reporting P,585,1415,41.342756183745585
PMC abstracts,CT,2022,M2 % exact (=) among P reports,978,1862,52.524167561761544
PMC abstracts,CT,2022,M3 % articles with >=1 P<=.05,546,585,93.33333333333333
PMC abstracts,CT,2022,M4 % articles with >=1 P<=.005,347,585,59.31623931623932
PMC abstracts,CT,2023,M1 % articles reporting P,467,1059,44.098205854579795
PMC abstracts,CT,2023,M2 % exact (=) among P reports,885,1618,54.69715698393078
PMC abstracts,CT,2023,M3 % articles with >=1 P<=.05,432,467,92.50535331905782
PMC abstracts,CT,2023,M4 % articles with >=1 P<=.005,277,467,59.314775160599574
PMC abstracts,CT,2024,M1 % articles reporting P,412,893,46.13661814109742
PMC abstracts,CT,2024,M2 % exact (=) among P reports,728,1363,53.41159207630228
PMC abstracts,CT,2024,M3 % articles with >=1 P<=.05,384,412,93.20388349514563
PMC abstracts,CT,2024,M4 % articles with >=1 P<=.005,233,412,56.55339805825243
PMC abstracts,CT,2025,M1 % articles reporting P,328,639,51.3302034428795
PMC abstracts,CT,2025,M2 % exact (=) among P reports,542,1067,50.796626054358015
PMC abstracts,CT,2025,M3 % articles with >=1 P<=.05,314,328,95.73170731707317
PMC abstracts,CT,2025,M4 % articles with >=1 P<=.005,197,328,60.0609756097561
PMC abstracts,meta,1990,M1 % articles reporting P,0,1,
PMC abstracts,meta,1990,M2 % exact (=) among P reports,0,0,
PMC abstracts,meta,1990,M3 % articles with >=1 P<=.05,0,0,
PMC abstracts,meta,1990,M4 % articles with >=1 P<=.005,0,0,
PMC abstracts,meta,1991,M1 % articles reporting P,0,1,
PMC abstracts,meta,1991,M2 % exact (=) among P reports,0,0,
PMC abstracts,meta,1991,M3 % articles with >=1 P<=.05,0,0,
PMC abstracts,meta,1991,M4 % articles with >=1 P<=.005,0,0,
PMC abstracts,meta,1992,M1 % articles reporting P,0,2,
PMC abstracts,meta,1992,M2 % exact (=) among P reports,0,0,
PMC abstracts,meta,1992,M3 % articles with >=1 P<=.05,0,0,
PMC abstracts,meta,1992,M4 % articles with >=1 P<=.005,0,0,
PMC abstracts,meta,1993,M1 % articles reporting P,0,4,
PMC abstracts,meta,1993,M2 % exact (=) among P reports,0,0,
PMC abstracts,meta,1993,M3 % articles with >=1 P<=.05,0,0,
PMC abstracts,meta,1993,M4 % articles with >=1 P<=.005,0,0,
PMC abstracts,meta,1994,M1 % articles reporting P,1,5,
PMC abstracts,meta,1994,M2 % exact (=) among P reports,0,1,
PMC abstracts,meta,1994,M3 % articles with >=1 P<=.05,1,1,
PMC abstracts,meta,1994,M4 % articles with >=1 P<=.005,1,1,
PMC abstracts,meta,1995,M1 % articles reporting P,1,4,
PMC abstracts,meta,1995,M2 % exact (=) among P reports,2,2,
PMC abstracts,meta,1995,M3 % articles with >=1 P<=.05,1,1,
PMC abstracts,meta,1995,M4 % articles with >=1 P<=.005,1,1,
PMC abstracts,meta,1996,M1 % articles reporting P,0,1,
PMC abstracts,meta,1996,M2 % exact (=) among P reports,0,0,
PMC abstracts,meta,1996,M3 % articles with >=1 P<=.05,0,0,
PMC abstracts,meta,1996,M4 % articles with >=1 P<=.005,0,0,
PMC abstracts,meta,1997,M1 % articles reporting P,0,3,
PMC abstracts,meta,1997,M2 % exact (=) among P reports,0,0,
PMC abstracts,meta,1997,M3 % articles with >=1 P<=.05,0,0,
PMC abstracts,meta,1997,M4 % articles with >=1 P<=.005,0,0,
PMC abstracts,meta,1998,M1 % articles reporting P,0,2,
PMC abstracts,meta,1998,M2 % exact (=) among P reports,0,0,
PMC abstracts,meta,1998,M3 % articles with >=1 P<=.05,0,0,
PMC abstracts,meta,1998,M4 % articles with >=1 P<=.005,0,0,
PMC abstracts,meta,1999,M1 % articles reporting P,0,10,
PMC abstracts,meta,1999,M2 % exact (=) among P reports,0,0,
PMC abstracts,meta,1999,M3 % articles with >=1 P<=.05,0,0,
PMC abstracts,meta,1999,M4 % articles with >=1 P<=.005,0,0,
PMC abstracts,meta,2000,M1 % articles reporting P,4,11,
PMC abstracts,meta,2000,M2 % exact (=) among P reports,3,6,
PMC abstracts,meta,2000,M3 % articles with >=1 P<=.05,4,4,
PMC abstracts,meta,2000,M4 % articles with >=1 P<=.005,3,4,
PMC abstracts,meta,2001,M1 % articles reporting P,3,18,
PMC abstracts,meta,2001,M2 % exact (=) among P reports,2,4,
PMC abstracts,meta,2001,M3 % articles with >=1 P<=.05,2,3,
PMC abstracts,meta,2001,M4 % articles with >=1 P<=.005,1,3,
PMC abstracts,meta,2002,M1 % articles reporting P,4,13,
PMC abstracts,meta,2002,M2 % exact (=) among P reports,2,10,
PMC abstracts,meta,2002,M3 % articles with >=1 P<=.05,4,4,
PMC abstracts,meta,2002,M4 % articles with >=1 P<=.005,3,4,
PMC abstracts,meta,2003,M1 % articles reporting P,4,17,
PMC abstracts,meta,2003,M2 % exact (=) among P reports,2,11,
PMC abstracts,meta,2003,M3 % articles with >=1 P<=.05,3,4,
PMC abstracts,meta,2003,M4 % articles with >=1 P<=.005,2,4,
PMC abstracts,meta,2004,M1 % articles reporting P,7,32,
PMC abstracts,meta,2004,M2 % exact (=) among P reports,8,11,
PMC abstracts,meta,2004,M3 % articles with >=1 P<=.05,5,7,
PMC abstracts,meta,2004,M4 % articles with >=1 P<=.005,3,7,
PMC abstracts,meta,2005,M1 % articles reporting P,11,48,
PMC abstracts,meta,2005,M2 % exact (=) among P reports,20,30,
PMC abstracts,meta,2005,M3 % articles with >=1 P<=.05,7,11,
PMC abstracts,meta,2005,M4 % articles with >=1 P<=.005,6,11,
PMC abstracts,meta,2006,M1 % articles reporting P,18,64,28.125
PMC abstracts,meta,2006,M2 % exact (=) among P reports,31,48,
PMC abstracts,meta,2006,M3 % articles with >=1 P<=.05,15,18,
PMC abstracts,meta,2006,M4 % articles with >=1 P<=.005,10,18,
PMC abstracts,meta,2007,M1 % articles reporting P,20,94,21.27659574468085
PMC abstracts,meta,2007,M2 % exact (=) among P reports,39,74,52.7027027027027
PMC abstracts,meta,2007,M3 % articles with >=1 P<=.05,18,20,
PMC abstracts,meta,2007,M4 % articles with >=1 P<=.005,14,20,
PMC abstracts,meta,2008,M1 % articles reporting P,42,146,28.767123287671232
PMC abstracts,meta,2008,M2 % exact (=) among P reports,84,106,79.24528301886792
PMC abstracts,meta,2008,M3 % articles with >=1 P<=.05,33,42,
PMC abstracts,meta,2008,M4 % articles with >=1 P<=.005,20,42,
PMC abstracts,meta,2009,M1 % articles reporting P,73,211,34.59715639810427
PMC abstracts,meta,2009,M2 % exact (=) among P reports,147,192,76.5625
PMC abstracts,meta,2009,M3 % articles with >=1 P<=.05,66,73,90.41095890410959
PMC abstracts,meta,2009,M4 % articles with >=1 P<=.005,39,73,53.42465753424658
PMC abstracts,meta,2010,M1 % articles reporting P,97,322,30.124223602484474
PMC abstracts,meta,2010,M2 % exact (=) among P reports,239,334,71.55688622754491
PMC abstracts,meta,2010,M3 % articles with >=1 P<=.05,83,97,85.56701030927834
PMC abstracts,meta,2010,M4 % articles with >=1 P<=.005,57,97,58.76288659793814
PMC abstracts,meta,2011,M1 % articles reporting P,181,519,34.8747591522158
PMC abstracts,meta,2011,M2 % exact (=) among P reports,354,534,66.29213483146067
PMC abstracts,meta,2011,M3 % articles with >=1 P<=.05,155,181,85.6353591160221
PMC abstracts,meta,2011,M4 % articles with >=1 P<=.005,101,181,55.80110497237569
PMC abstracts,meta,2012,M1 % articles reporting P,276,830,33.25301204819277
PMC abstracts,meta,2012,M2 % exact (=) among P reports,614,852,72.06572769953051
PMC abstracts,meta,2012,M3 % articles with >=1 P<=.05,231,276,83.69565217391305
PMC abstracts,meta,2012,M4 % articles with >=1 P<=.005,155,276,56.15942028985507
PMC abstracts,meta,2013,M1 % articles reporting P,514,1400,36.714285714285715
PMC abstracts,meta,2013,M2 % exact (=) among P reports,1220,1729,70.56101792943898
PMC abstracts,meta,2013,M3 % articles with >=1 P<=.05,447,514,86.96498054474708
PMC abstracts,meta,2013,M4 % articles with >=1 P<=.005,308,514,59.92217898832685
PMC abstracts,meta,2014,M1 % articles reporting P,730,1847,39.52355170546833
PMC abstracts,meta,2014,M2 % exact (=) among P reports,1680,2495,67.33466933867736
PMC abstracts,meta,2014,M3 % articles with >=1 P<=.05,648,730,88.76712328767124
PMC abstracts,meta,2014,M4 % articles with >=1 P<=.005,455,730,62.32876712328767
PMC abstracts,meta,2015,M1 % articles reporting P,941,2392,39.33946488294314
PMC abstracts,meta,2015,M2 % exact (=) among P reports,2175,3383,64.29204847768253
PMC abstracts,meta,2015,M3 % articles with >=1 P<=.05,837,941,88.94792773645058
PMC abstracts,meta,2015,M4 % articles with >=1 P<=.005,607,941,64.50584484590861
PMC abstracts,meta,2016,M1 % articles reporting P,1134,2855,39.719789842381786
PMC abstracts,meta,2016,M2 % exact (=) among P reports,2614,4143,63.09437605599807
PMC abstracts,meta,2016,M3 % articles with >=1 P<=.05,1013,1134,89.32980599647266
PMC abstracts,meta,2016,M4 % articles with >=1 P<=.005,758,1134,66.84303350970018
PMC abstracts,meta,2017,M1 % articles reporting P,1264,2979,42.43034575360859
PMC abstracts,meta,2017,M2 % exact (=) among P reports,3031,4725,64.14814814814815
PMC abstracts,meta,2017,M3 % articles with >=1 P<=.05,1138,1264,90.03164556962025
PMC abstracts,meta,2017,M4 % articles with >=1 P<=.005,809,1264,64.00316455696202
PMC abstracts,meta,2018,M1 % articles reporting P,1266,2927,43.252476938845234
PMC abstracts,meta,2018,M2 % exact (=) among P reports,3024,4655,64.9624060150376
PMC abstracts,meta,2018,M3 % articles with >=1 P<=.05,1106,1266,87.36176935229068
PMC abstracts,meta,2018,M4 % articles with >=1 P<=.005,766,1266,60.505529225908376
PMC abstracts,meta,2019,M1 % articles reporting P,1511,3709,40.73874359665678
PMC abstracts,meta,2019,M2 % exact (=) among P reports,3507,5695,61.580333625987706
PMC abstracts,meta,2019,M3 % articles with >=1 P<=.05,1333,1511,88.21972203838517
PMC abstracts,meta,2019,M4 % articles with >=1 P<=.005,967,1511,63.99735274652548
PMC abstracts,meta,2020,M1 % articles reporting P,1884,4681,40.2478102969451
PMC abstracts,meta,2020,M2 % exact (=) among P reports,4110,7063,58.19057057907405
PMC abstracts,meta,2020,M3 % articles with >=1 P<=.05,1712,1884,90.87048832271762
PMC abstracts,meta,2020,M4 % articles with >=1 P<=.005,1207,1884,64.06581740976645
PMC abstracts,meta,2021,M1 % articles reporting P,2184,5694,38.35616438356164
PMC abstracts,meta,2021,M2 % exact (=) among P reports,4757,8142,58.42544829280275
PMC abstracts,meta,2021,M3 % articles with >=1 P<=.05,1965,2184,89.97252747252747
PMC abstracts,meta,2021,M4 % articles with >=1 P<=.005,1403,2184,64.23992673992674
PMC abstracts,meta,2022,M1 % articles reporting P,2740,6683,40.99955109980548
PMC abstracts,meta,2022,M2 % exact (=) among P reports,5871,10266,57.188778492109876
PMC abstracts,meta,2022,M3 % articles with >=1 P<=.05,2478,2740,90.43795620437956
PMC abstracts,meta,2022,M4 % articles with >=1 P<=.005,1793,2740,65.43795620437956
PMC abstracts,meta,2023,M1 % articles reporting P,2812,6562,42.85278878390734
PMC abstracts,meta,2023,M2 % exact (=) among P reports,6155,10623,57.940318177539304
PMC abstracts,meta,2023,M3 % articles with >=1 P<=.05,2556,2812,90.89615931721195
PMC abstracts,meta,2023,M4 % articles with >=1 P<=.005,1783,2812,63.40682788051209
PMC abstracts,meta,2024,M1 % articles reporting P,2962,6794,43.59729172799529
PMC abstracts,meta,2024,M2 % exact (=) among P reports,6277,11287,55.612651723221404
PMC abstracts,meta,2024,M3 % articles with >=1 P<=.05,2728,2962,92.09993247805536
PMC abstracts,meta,2024,M4 % articles with >=1 P<=.005,1936,2962,65.36124240378123
PMC abstracts,meta,2025,M1 % articles reporting P,2231,5163,43.21131125314739
PMC abstracts,meta,2025,M2 % exact (=) among P reports,4816,8609,55.94145661517017
PMC abstracts,meta,2025,M3 % articles with >=1 P<=.05,2018,2231,90.45271178843568
PMC abstracts,meta,2025,M4 % articles with >=1 P<=.005,1423,2231,63.78305692514567
PMC abstracts,review,1990,M1 % articles reporting P,1,164,0.6097560975609756
PMC abstracts,review,1990,M2 % exact (=) among P reports,1,1,
PMC abstracts,review,1990,M3 % articles with >=1 P<=.05,1,1,
PMC abstracts,review,1990,M4 % articles with >=1 P<=.005,0,1,
PMC abstracts,review,1991,M1 % articles reporting P,1,162,0.6172839506172839
PMC abstracts,review,1991,M2 % exact (=) among P reports,1,2,
PMC abstracts,review,1991,M3 % articles with >=1 P<=.05,1,1,
PMC abstracts,review,1991,M4 % articles with >=1 P<=.005,1,1,
PMC abstracts,review,1992,M1 % articles reporting P,0,102,0.0
PMC abstracts,review,1992,M2 % exact (=) among P reports,0,0,
PMC abstracts,review,1992,M3 % articles with >=1 P<=.05,0,0,
PMC abstracts,review,1992,M4 % articles with >=1 P<=.005,0,0,
PMC abstracts,review,1993,M1 % articles reporting P,2,194,1.0309278350515463
PMC abstracts,review,1993,M2 % exact (=) among P reports,0,2,
PMC abstracts,review,1993,M3 % articles with >=1 P<=.05,2,2,
PMC abstracts,review,1993,M4 % articles with >=1 P<=.005,1,2,
PMC abstracts,review,1994,M1 % articles reporting P,1,244,0.4098360655737705
PMC abstracts,review,1994,M2 % exact (=) among P reports,0,1,
PMC abstracts,review,1994,M3 % articles with >=1 P<=.05,1,1,
PMC abstracts,review,1994,M4 % articles with >=1 P<=.005,1,1,
PMC abstracts,review,1995,M1 % articles reporting P,1,206,0.4854368932038835
PMC abstracts,review,1995,M2 % exact (=) among P reports,1,1,
PMC abstracts,review,1995,M3 % articles with >=1 P<=.05,1,1,
PMC abstracts,review,1995,M4 % articles with >=1 P<=.005,0,1,
PMC abstracts,review,1996,M1 % articles reporting P,0,197,0.0
PMC abstracts,review,1996,M2 % exact (=) among P reports,0,0,
PMC abstracts,review,1996,M3 % articles with >=1 P<=.05,0,0,
PMC abstracts,review,1996,M4 % articles with >=1 P<=.005,0,0,
PMC abstracts,review,1997,M1 % articles reporting P,6,287,2.0905923344947737
PMC abstracts,review,1997,M2 % exact (=) among P reports,11,14,
PMC abstracts,review,1997,M3 % articles with >=1 P<=.05,6,6,
PMC abstracts,review,1997,M4 % articles with >=1 P<=.005,2,6,
PMC abstracts,review,1998,M1 % articles reporting P,1,321,0.3115264797507788
PMC abstracts,review,1998,M2 % exact (=) among P reports,2,2,
PMC abstracts,review,1998,M3 % articles with >=1 P<=.05,1,1,
PMC abstracts,review,1998,M4 % articles with >=1 P<=.005,1,1,
PMC abstracts,review,1999,M1 % articles reporting P,2,246,0.8130081300813008
PMC abstracts,review,1999,M2 % exact (=) among P reports,10,11,
PMC abstracts,review,1999,M3 % articles with >=1 P<=.05,2,2,
PMC abstracts,review,1999,M4 % articles with >=1 P<=.005,2,2,
PMC abstracts,review,2000,M1 % articles reporting P,2,432,0.46296296296296297
PMC abstracts,review,2000,M2 % exact (=) among P reports,0,3,
PMC abstracts,review,2000,M3 % articles with >=1 P<=.05,2,2,
PMC abstracts,review,2000,M4 % articles with >=1 P<=.005,1,2,
PMC abstracts,review,2001,M1 % articles reporting P,3,531,0.5649717514124294
PMC abstracts,review,2001,M2 % exact (=) among P reports,5,7,
PMC abstracts,review,2001,M3 % articles with >=1 P<=.05,3,3,
PMC abstracts,review,2001,M4 % articles with >=1 P<=.005,2,3,
PMC abstracts,review,2002,M1 % articles reporting P,0,578,0.0
PMC abstracts,review,2002,M2 % exact (=) among P reports,0,0,
PMC abstracts,review,2002,M3 % articles with >=1 P<=.05,0,0,
PMC abstracts,review,2002,M4 % articles with >=1 P<=.005,0,0,
PMC abstracts,review,2003,M1 % articles reporting P,2,610,0.32786885245901637
PMC abstracts,review,2003,M2 % exact (=) among P reports,5,6,
PMC abstracts,review,2003,M3 % articles with >=1 P<=.05,2,2,
PMC abstracts,review,2003,M4 % articles with >=1 P<=.005,0,2,
PMC abstracts,review,2004,M1 % articles reporting P,6,799,0.7509386733416771
PMC abstracts,review,2004,M2 % exact (=) among P reports,12,15,
PMC abstracts,review,2004,M3 % articles with >=1 P<=.05,5,6,
PMC abstracts,review,2004,M4 % articles with >=1 P<=.005,3,6,
PMC abstracts,review,2005,M1 % articles reporting P,2,895,0.22346368715083798
PMC abstracts,review,2005,M2 % exact (=) among P reports,5,9,
PMC abstracts,review,2005,M3 % articles with >=1 P<=.05,2,2,
PMC abstracts,review,2005,M4 % articles with >=1 P<=.005,2,2,
PMC abstracts,review,2006,M1 % articles reporting P,10,1531,0.6531678641410843
PMC abstracts,review,2006,M2 % exact (=) among P reports,11,20,
PMC abstracts,review,2006,M3 % articles with >=1 P<=.05,10,10,
PMC abstracts,review,2006,M4 % articles with >=1 P<=.005,8,10,
PMC abstracts,review,2007,M1 % articles reporting P,9,1705,0.5278592375366569
PMC abstracts,review,2007,M2 % exact (=) among P reports,16,29,
PMC abstracts,review,2007,M3 % articles with >=1 P<=.05,8,9,
PMC abstracts,review,2007,M4 % articles with >=1 P<=.005,5,9,
PMC abstracts,review,2008,M1 % articles reporting P,13,2089,0.6223073240785064
PMC abstracts,review,2008,M2 % exact (=) among P reports,14,26,
PMC abstracts,review,2008,M3 % articles with >=1 P<=.05,12,13,
PMC abstracts,review,2008,M4 % articles with >=1 P<=.005,7,13,
PMC abstracts,review,2009,M1 % articles reporting P,10,2562,0.39032006245121
PMC abstracts,review,2009,M2 % exact (=) among P reports,6,18,
PMC abstracts,review,2009,M3 % articles with >=1 P<=.05,10,10,
PMC abstracts,review,2009,M4 % articles with >=1 P<=.005,7,10,
PMC abstracts,review,2010,M1 % articles reporting P,28,3866,0.7242628039317124
PMC abstracts,review,2010,M2 % exact (=) among P reports,27,64,42.1875
PMC abstracts,review,2010,M3 % articles with >=1 P<=.05,25,28,
PMC abstracts,review,2010,M4 % articles with >=1 P<=.005,13,28,
PMC abstracts,review,2011,M1 % articles reporting P,35,4395,0.7963594994311718
PMC abstracts,review,2011,M2 % exact (=) among P reports,32,68,47.05882352941177
PMC abstracts,review,2011,M3 % articles with >=1 P<=.05,33,35,
PMC abstracts,review,2011,M4 % articles with >=1 P<=.005,22,35,
PMC abstracts,review,2012,M1 % articles reporting P,36,5900,0.6101694915254238
PMC abstracts,review,2012,M2 % exact (=) among P reports,49,84,58.333333333333336
PMC abstracts,review,2012,M3 % articles with >=1 P<=.05,33,36,
PMC abstracts,review,2012,M4 % articles with >=1 P<=.005,19,36,
PMC abstracts,review,2013,M1 % articles reporting P,82,10518,0.779615896558281
PMC abstracts,review,2013,M2 % exact (=) among P reports,131,228,57.45614035087719
PMC abstracts,review,2013,M3 % articles with >=1 P<=.05,79,82,96.34146341463415
PMC abstracts,review,2013,M4 % articles with >=1 P<=.005,52,82,63.41463414634146
PMC abstracts,review,2014,M1 % articles reporting P,147,16871,0.8713176456641575
PMC abstracts,review,2014,M2 % exact (=) among P reports,172,321,53.58255451713396
PMC abstracts,review,2014,M3 % articles with >=1 P<=.05,133,147,90.47619047619048
PMC abstracts,review,2014,M4 % articles with >=1 P<=.005,78,147,53.06122448979592
PMC abstracts,review,2015,M1 % articles reporting P,208,18749,1.1093925009333832
PMC abstracts,review,2015,M2 % exact (=) among P reports,322,550,58.54545454545455
PMC abstracts,review,2015,M3 % articles with >=1 P<=.05,182,208,87.5
PMC abstracts,review,2015,M4 % articles with >=1 P<=.005,125,208,60.09615384615385
PMC abstracts,review,2016,M1 % articles reporting P,270,21081,1.2807741568236801
PMC abstracts,review,2016,M2 % exact (=) among P reports,401,772,51.943005181347154
PMC abstracts,review,2016,M3 % articles with >=1 P<=.05,246,270,91.11111111111111
PMC abstracts,review,2016,M4 % articles with >=1 P<=.005,165,270,61.111111111111114
PMC abstracts,review,2017,M1 % articles reporting P,269,23799,1.1302995924198496
PMC abstracts,review,2017,M2 % exact (=) among P reports,497,817,60.83231334149327
PMC abstracts,review,2017,M3 % articles with >=1 P<=.05,235,269,87.36059479553903
PMC abstracts,review,2017,M4 % articles with >=1 P<=.005,167,269,62.0817843866171
PMC abstracts,review,2018,M1 % articles reporting P,407,28176,1.4444917660420216
PMC abstracts,review,2018,M2 % exact (=) among P reports,790,1341,58.91126025354213
PMC abstracts,review,2018,M3 % articles with >=1 P<=.05,361,407,88.6977886977887
PMC abstracts,review,2018,M4 % articles with >=1 P<=.005,249,407,61.17936117936118
PMC abstracts,review,2019,M1 % articles reporting P,476,32576,1.4611984282907662
PMC abstracts,review,2019,M2 % exact (=) among P reports,837,1461,57.28952772073922
PMC abstracts,review,2019,M3 % articles with >=1 P<=.05,427,476,89.70588235294117
PMC abstracts,review,2019,M4 % articles with >=1 P<=.005,290,476,60.924369747899156
PMC abstracts,review,2020,M1 % articles reporting P,665,51478,1.2918139787870546
PMC abstracts,review,2020,M2 % exact (=) among P reports,1158,2071,55.915016900048286
PMC abstracts,review,2020,M3 % articles with >=1 P<=.05,598,665,89.92481203007519
PMC abstracts,review,2020,M4 % articles with >=1 P<=.005,407,665,61.203007518796994
PMC abstracts,review,2021,M1 % articles reporting P,1051,72610,1.4474590276821375
PMC abstracts,review,2021,M2 % exact (=) among P reports,2008,3551,56.54745142213461
PMC abstracts,review,2021,M3 % articles with >=1 P<=.05,954,1051,90.77069457659373
PMC abstracts,review,2021,M4 % articles with >=1 P<=.005,654,1051,62.226450999048524
PMC abstracts,review,2022,M1 % articles reporting P,1613,77474,2.0819887962413195
PMC abstracts,review,2022,M2 % exact (=) among P reports,2916,5371,54.291565816421524
PMC abstracts,review,2022,M3 % articles with >=1 P<=.05,1458,1613,90.39057656540608
PMC abstracts,review,2022,M4 % articles with >=1 P<=.005,956,1613,59.268443893366396
PMC abstracts,review,2023,M1 % articles reporting P,1635,70690,2.3129155467534304
PMC abstracts,review,2023,M2 % exact (=) among P reports,3151,5523,57.05232663407568
PMC abstracts,review,2023,M3 % articles with >=1 P<=.05,1470,1635,89.90825688073394
PMC abstracts,review,2023,M4 % articles with >=1 P<=.005,971,1635,59.38837920489296
PMC abstracts,review,2024,M1 % articles reporting P,1413,65048,2.1722420366498585
PMC abstracts,review,2024,M2 % exact (=) among P reports,2750,4779,57.54341912534003
PMC abstracts,review,2024,M3 % articles with >=1 P<=.05,1281,1413,90.65817409766454
PMC abstracts,review,2024,M4 % articles with >=1 P<=.005,812,1413,57.46638358103326
PMC abstracts,review,2025,M1 % articles reporting P,953,41045,2.321841880862468
PMC abstracts,review,2025,M2 % exact (=) among P reports,1737,3105,55.94202898550725
PMC abstracts,review,2025,M3 % articles with >=1 P<=.05,861,953,90.34627492130116
PMC abstracts,review,2025,M4 % articles with >=1 P<=.005,564,953,59.18153200419727
PMC abstracts,CUJ,1990,M1 % articles reporting P,52,338,15.384615384615385
PMC abstracts,CUJ,1990,M2 % exact (=) among P reports,68,129,52.713178294573645
PMC abstracts,CUJ,1990,M3 % articles with >=1 P<=.05,50,52,96.15384615384616
PMC abstracts,CUJ,1990,M4 % articles with >=1 P<=.005,34,52,65.38461538461539
PMC abstracts,CUJ,1991,M1 % articles reporting P,75,380,19.736842105263158
PMC abstracts,CUJ,1991,M2 % exact (=) among P reports,97,215,45.116279069767444
PMC abstracts,CUJ,1991,M3 % articles with >=1 P<=.05,73,75,97.33333333333333
PMC abstracts,CUJ,1991,M4 % articles with >=1 P<=.005,44,75,58.666666666666664
PMC abstracts,CUJ,1992,M1 % articles reporting P,78,371,21.024258760107816
PMC abstracts,CUJ,1992,M2 % exact (=) among P reports,96,194,49.48453608247423
PMC abstracts,CUJ,1992,M3 % articles with >=1 P<=.05,74,78,94.87179487179488
PMC abstracts,CUJ,1992,M4 % articles with >=1 P<=.005,44,78,56.41025641025641
PMC abstracts,CUJ,1993,M1 % articles reporting P,98,453,21.63355408388521
PMC abstracts,CUJ,1993,M2 % exact (=) among P reports,121,265,45.660377358490564
PMC abstracts,CUJ,1993,M3 % articles with >=1 P<=.05,92,98,93.87755102040816
PMC abstracts,CUJ,1993,M4 % articles with >=1 P<=.005,59,98,60.204081632653065
PMC abstracts,CUJ,1994,M1 % articles reporting P,115,436,26.376146788990827
PMC abstracts,CUJ,1994,M2 % exact (=) among P reports,136,278,48.92086330935252
PMC abstracts,CUJ,1994,M3 % articles with >=1 P<=.05,111,115,96.52173913043478
PMC abstracts,CUJ,1994,M4 % articles with >=1 P<=.005,61,115,53.04347826086956
PMC abstracts,CUJ,1995,M1 % articles reporting P,122,520,23.46153846153846
PMC abstracts,CUJ,1995,M2 % exact (=) among P reports,193,337,57.27002967359051
PMC abstracts,CUJ,1995,M3 % articles with >=1 P<=.05,117,122,95.90163934426229
PMC abstracts,CUJ,1995,M4 % articles with >=1 P<=.005,68,122,55.73770491803279
PMC abstracts,CUJ,1996,M1 % articles reporting P,143,632,22.626582278481013
PMC abstracts,CUJ,1996,M2 % exact (=) among P reports,211,363,58.1267217630854
PMC abstracts,CUJ,1996,M3 % articles with >=1 P<=.05,134,143,93.7062937062937
PMC abstracts,CUJ,1996,M4 % articles with >=1 P<=.005,75,143,52.44755244755245
PMC abstracts,CUJ,1997,M1 % articles reporting P,142,564,25.177304964539008
PMC abstracts,CUJ,1997,M2 % exact (=) among P reports,218,375,58.13333333333333
PMC abstracts,CUJ,1997,M3 % articles with >=1 P<=.05,138,142,97.1830985915493
PMC abstracts,CUJ,1997,M4 % articles with >=1 P<=.005,82,142,57.74647887323944
PMC abstracts,CUJ,1998,M1 % articles reporting P,181,670,27.01492537313433
PMC abstracts,CUJ,1998,M2 % exact (=) among P reports,310,516,60.07751937984496
PMC abstracts,CUJ,1998,M3 % articles with >=1 P<=.05,172,181,95.02762430939227
PMC abstracts,CUJ,1998,M4 % articles with >=1 P<=.005,115,181,63.53591160220994
PMC abstracts,CUJ,1999,M1 % articles reporting P,199,811,24.537607891491984
PMC abstracts,CUJ,1999,M2 % exact (=) among P reports,404,628,64.3312101910828
PMC abstracts,CUJ,1999,M3 % articles with >=1 P<=.05,191,199,95.97989949748744
PMC abstracts,CUJ,1999,M4 % articles with >=1 P<=.005,122,199,61.30653266331658
PMC abstracts,CUJ,2000,M1 % articles reporting P,153,588,26.020408163265305
PMC abstracts,CUJ,2000,M2 % exact (=) among P reports,243,408,59.55882352941177
PMC abstracts,CUJ,2000,M3 % articles with >=1 P<=.05,142,153,92.81045751633987
PMC abstracts,CUJ,2000,M4 % articles with >=1 P<=.005,92,153,60.130718954248366
PMC abstracts,CUJ,2001,M1 % articles reporting P,150,591,25.380710659898476
PMC abstracts,CUJ,2001,M2 % exact (=) among P reports,279,413,67.5544794188862
PMC abstracts,CUJ,2001,M3 % articles with >=1 P<=.05,142,150,94.66666666666667
PMC abstracts,CUJ,2001,M4 % articles with >=1 P<=.005,81,150,54.0
PMC abstracts,CUJ,2002,M1 % articles reporting P,146,619,23.58642972536349
PMC abstracts,CUJ,2002,M2 % exact (=) among P reports,331,481,68.81496881496882
PMC abstracts,CUJ,2002,M3 % articles with >=1 P<=.05,142,146,97.26027397260275
PMC abstracts,CUJ,2002,M4 % articles with >=1 P<=.005,97,146,66.43835616438356
PMC abstracts,CUJ,2003,M1 % articles reporting P,181,733,24.69304229195089
PMC abstracts,CUJ,2003,M2 % exact (=) among P reports,321,502,63.94422310756972
PMC abstracts,CUJ,2003,M3 % articles with >=1 P<=.05,172,181,95.02762430939227
PMC abstracts,CUJ,2003,M4 % articles with >=1 P<=.005,115,181,63.53591160220994
PMC abstracts,CUJ,2004,M1 % articles reporting P,210,783,26.81992337164751
PMC abstracts,CUJ,2004,M2 % exact (=) among P reports,415,645,64.34108527131782
PMC abstracts,CUJ,2004,M3 % articles with >=1 P<=.05,196,210,93.33333333333333
PMC abstracts,CUJ,2004,M4 % articles with >=1 P<=.005,131,210,62.38095238095238
PMC abstracts,CUJ,2005,M1 % articles reporting P,176,630,27.936507936507937
PMC abstracts,CUJ,2005,M2 % exact (=) among P reports,304,492,61.78861788617886
PMC abstracts,CUJ,2005,M3 % articles with >=1 P<=.05,164,176,93.18181818181819
PMC abstracts,CUJ,2005,M4 % articles with >=1 P<=.005,113,176,64.20454545454545
PMC abstracts,CUJ,2006,M1 % articles reporting P,181,655,27.633587786259543
PMC abstracts,CUJ,2006,M2 % exact (=) among P reports,384,568,67.6056338028169
PMC abstracts,CUJ,2006,M3 % articles with >=1 P<=.05,169,181,93.37016574585635
PMC abstracts,CUJ,2006,M4 % articles with >=1 P<=.005,112,181,61.87845303867403
PMC abstracts,CUJ,2007,M1 % articles reporting P,244,844,28.90995260663507
PMC abstracts,CUJ,2007,M2 % exact (=) among P reports,400,723,55.325034578146614
PMC abstracts,CUJ,2007,M3 % articles with >=1 P<=.05,234,244,95.90163934426229
PMC abstracts,CUJ,2007,M4 % articles with >=1 P<=.005,164,244,67.21311475409836
PMC abstracts,CUJ,2008,M1 % articles reporting P,484,1513,31.989424983476535
PMC abstracts,CUJ,2008,M2 % exact (=) among P reports,755,1406,53.69843527738264
PMC abstracts,CUJ,2008,M3 % articles with >=1 P<=.05,461,484,95.24793388429752
PMC abstracts,CUJ,2008,M4 % articles with >=1 P<=.005,318,484,65.70247933884298
PMC abstracts,CUJ,2009,M1 % articles reporting P,683,1928,35.4253112033195
PMC abstracts,CUJ,2009,M2 % exact (=) among P reports,1162,2066,56.24394966118103
PMC abstracts,CUJ,2009,M3 % articles with >=1 P<=.05,650,683,95.1683748169839
PMC abstracts,CUJ,2009,M4 % articles with >=1 P<=.005,442,683,64.71449487554905
PMC abstracts,CUJ,2010,M1 % articles reporting P,770,2081,37.00144161460836
PMC abstracts,CUJ,2010,M2 % exact (=) among P reports,1311,2310,56.753246753246756
PMC abstracts,CUJ,2010,M3 % articles with >=1 P<=.05,734,770,95.32467532467533
PMC abstracts,CUJ,2010,M4 % articles with >=1 P<=.005,486,770,63.116883116883116
PMC abstracts,CUJ,2011,M1 % articles reporting P,771,2205,34.965986394557824
PMC abstracts,CUJ,2011,M2 % exact (=) among P reports,1387,2347,59.09671921602045
PMC abstracts,CUJ,2011,M3 % articles with >=1 P<=.05,719,771,93.25551232166018
PMC abstracts,CUJ,2011,M4 % articles with >=1 P<=.005,494,771,64.07263294422827
PMC abstracts,CUJ,2012,M1 % articles reporting P,773,2464,31.371753246753247
PMC abstracts,CUJ,2012,M2 % exact (=) among P reports,1421,2367,60.033798056611744
PMC abstracts,CUJ,2012,M3 % articles with >=1 P<=.05,737,773,95.34282018111254
PMC abstracts,CUJ,2012,M4 % articles with >=1 P<=.005,494,773,63.90685640362225
PMC abstracts,CUJ,2013,M1 % articles reporting P,1100,3238,33.9715873996294
PMC abstracts,CUJ,2013,M2 % exact (=) among P reports,2033,3522,57.722884724588305
PMC abstracts,CUJ,2013,M3 % articles with >=1 P<=.05,1046,1100,95.0909090909091
PMC abstracts,CUJ,2013,M4 % articles with >=1 P<=.005,719,1100,65.36363636363636
PMC abstracts,CUJ,2014,M1 % articles reporting P,1146,3718,30.823023130715438
PMC abstracts,CUJ,2014,M2 % exact (=) among P reports,2057,3519,58.45410628019324
PMC abstracts,CUJ,2014,M3 % articles with >=1 P<=.05,1069,1146,93.28097731239093
PMC abstracts,CUJ,2014,M4 % articles with >=1 P<=.005,715,1146,62.390924956369986
PMC abstracts,CUJ,2015,M1 % articles reporting P,1806,5328,33.8963963963964
PMC abstracts,CUJ,2015,M2 % exact (=) among P reports,3490,6034,57.8389128273119
PMC abstracts,CUJ,2015,M3 % articles with >=1 P<=.05,1698,1806,94.01993355481727
PMC abstracts,CUJ,2015,M4 % articles with >=1 P<=.005,1169,1806,64.72868217054264
PMC abstracts,CUJ,2016,M1 % articles reporting P,2505,6736,37.18824228028504
PMC abstracts,CUJ,2016,M2 % exact (=) among P reports,5024,8691,57.806926705787596
PMC abstracts,CUJ,2016,M3 % articles with >=1 P<=.05,2359,2505,94.17165668662675
PMC abstracts,CUJ,2016,M4 % articles with >=1 P<=.005,1628,2505,64.99001996007983
PMC abstracts,CUJ,2017,M1 % articles reporting P,2409,7385,32.62017603249831
PMC abstracts,CUJ,2017,M2 % exact (=) among P reports,4372,7876,55.51041137633317
PMC abstracts,CUJ,2017,M3 % articles with >=1 P<=.05,2230,2409,92.5695309256953
PMC abstracts,CUJ,2017,M4 % articles with >=1 P<=.005,1414,2409,58.69655458696555
PMC abstracts,CUJ,2018,M1 % articles reporting P,2509,8296,30.243490838958536
PMC abstracts,CUJ,2018,M2 % exact (=) among P reports,4833,8429,57.33776248665322
PMC abstracts,CUJ,2018,M3 % articles with >=1 P<=.05,2331,2509,92.90554005579912
PMC abstracts,CUJ,2018,M4 % articles with >=1 P<=.005,1473,2509,58.70864886408928
PMC abstracts,CUJ,2019,M1 % articles reporting P,2712,9155,29.623156744948115
PMC abstracts,CUJ,2019,M2 % exact (=) among P reports,5163,9161,56.358476148892045
PMC abstracts,CUJ,2019,M3 % articles with >=1 P<=.05,2484,2712,91.59292035398231
PMC abstracts,CUJ,2019,M4 % articles with >=1 P<=.005,1645,2712,60.65634218289085
PMC abstracts,CUJ,2020,M1 % articles reporting P,3380,12859,26.285092153355627
PMC abstracts,CUJ,2020,M2 % exact (=) among P reports,6181,11062,55.87597179533538
PMC abstracts,CUJ,2020,M3 % articles with >=1 P<=.05,3165,3380,93.63905325443787
PMC abstracts,CUJ,2020,M4 % articles with >=1 P<=.005,2033,3380,60.14792899408284
PMC abstracts,CUJ,2021,M1 % articles reporting P,3989,13836,28.83058687481931
PMC abstracts,CUJ,2021,M2 % exact (=) among P reports,7484,13254,56.46597253659273
PMC abstracts,CUJ,2021,M3 % articles with >=1 P<=.05,3719,3989,93.23138631235899
PMC abstracts,CUJ,2021,M4 % articles with >=1 P<=.005,2415,3989,60.54148909501128
PMC abstracts,CUJ,2022,M1 % articles reporting P,4245,14222,29.848122626916044
PMC abstracts,CUJ,2022,M2 % exact (=) among P reports,7436,13664,54.42037470725995
PMC abstracts,CUJ,2022,M3 % articles with >=1 P<=.05,3982,4245,93.80447585394582
PMC abstracts,CUJ,2022,M4 % articles with >=1 P<=.005,2631,4245,61.97879858657244
PMC abstracts,CUJ,2023,M1 % articles reporting P,3999,12499,31.994559564765183
PMC abstracts,CUJ,2023,M2 % exact (=) among P reports,7174,13615,52.691883951524055
PMC abstracts,CUJ,2023,M3 % articles with >=1 P<=.05,3693,3999,92.34808702175543
PMC abstracts,CUJ,2023,M4 % articles with >=1 P<=.005,2381,3999,59.53988497124281
PMC abstracts,CUJ,2024,M1 % articles reporting P,4035,11634,34.682826199071684
PMC abstracts,CUJ,2024,M2 % exact (=) among P reports,7457,13902,53.63976406272479
PMC abstracts,CUJ,2024,M3 % articles with >=1 P<=.05,3751,4035,92.96158612143742
PMC abstracts,CUJ,2024,M4 % articles with >=1 P<=.005,2323,4035,57.57125154894672
PMC abstracts,CUJ,2025,M1 % articles reporting P,3795,10930,34.720951509606586
PMC abstracts,CUJ,2025,M2 % exact (=) among P reports,7499,13365,56.109240553685
PMC abstracts,CUJ,2025,M3 % articles with >=1 P<=.05,3500,3795,92.2266139657444
PMC abstracts,CUJ,2025,M4 % articles with >=1 P<=.005,2271,3795,59.84189723320158
PMC full-texts,all,1990,M1 % articles reporting P,12,230,5.217391304347826
PMC full-texts,all,1990,M2 % exact (=) among P reports,11,66,16.666666666666668
PMC full-texts,all,1990,M3 % articles with >=1 P<=.05,11,12,
PMC full-texts,all,1990,M4 % articles with >=1 P<=.005,4,12,
PMC full-texts,all,1991,M1 % articles reporting P,11,247,4.4534412955465585
PMC full-texts,all,1991,M2 % exact (=) among P reports,15,75,20.0
PMC full-texts,all,1991,M3 % articles with >=1 P<=.05,11,11,
PMC full-texts,all,1991,M4 % articles with >=1 P<=.005,8,11,
PMC full-texts,all,1992,M1 % articles reporting P,14,223,6.278026905829597
PMC full-texts,all,1992,M2 % exact (=) among P reports,10,60,16.666666666666668
PMC full-texts,all,1992,M3 % articles with >=1 P<=.05,12,14,
PMC full-texts,all,1992,M4 % articles with >=1 P<=.005,6,14,
PMC full-texts,all,1993,M1 % articles reporting P,16,218,7.339449541284404
PMC full-texts,all,1993,M2 % exact (=) among P reports,22,144,15.277777777777779
PMC full-texts,all,1993,M3 % articles with >=1 P<=.05,16,16,
PMC full-texts,all,1993,M4 % articles with >=1 P<=.005,9,16,
PMC full-texts,all,1994,M1 % articles reporting P,34,324,10.493827160493828
PMC full-texts,all,1994,M2 % exact (=) among P reports,39,158,24.68354430379747
PMC full-texts,all,1994,M3 % articles with >=1 P<=.05,30,34,
PMC full-texts,all,1994,M4 % articles with >=1 P<=.005,14,34,
PMC full-texts,all,1995,M1 % articles reporting P,32,315,10.158730158730158
PMC full-texts,all,1995,M2 % exact (=) among P reports,32,164,19.51219512195122
PMC full-texts,all,1995,M3 % articles with >=1 P<=.05,28,32,
PMC full-texts,all,1995,M4 % articles with >=1 P<=.005,12,32,
PMC full-texts,all,1996,M1 % articles reporting P,43,366,11.748633879781421
PMC full-texts,all,1996,M2 % exact (=) among P reports,73,192,38.020833333333336
PMC full-texts,all,1996,M3 % articles with >=1 P<=.05,40,43,
PMC full-texts,all,1996,M4 % articles with >=1 P<=.005,18,43,
PMC full-texts,all,1997,M1 % articles reporting P,292,1647,17.729204614450516
PMC full-texts,all,1997,M2 % exact (=) among P reports,221,1083,20.40627885503232
PMC full-texts,all,1997,M3 % articles with >=1 P<=.05,274,292,93.83561643835617
PMC full-texts,all,1997,M4 % articles with >=1 P<=.005,133,292,45.54794520547945
PMC full-texts,all,1998,M1 % articles reporting P,359,1753,20.479178551055334
PMC full-texts,all,1998,M2 % exact (=) among P reports,331,1357,24.392041267501842
PMC full-texts,all,1998,M3 % articles with >=1 P<=.05,342,359,95.26462395543176
PMC full-texts,all,1998,M4 % articles with >=1 P<=.005,169,359,47.07520891364903
PMC full-texts,all,1999,M1 % articles reporting P,405,1940,20.876288659793815
PMC full-texts,all,1999,M2 % exact (=) among P reports,464,1470,31.564625850340136
PMC full-texts,all,1999,M3 % articles with >=1 P<=.05,380,405,93.82716049382717
PMC full-texts,all,1999,M4 % articles with >=1 P<=.005,196,405,48.39506172839506
PMC full-texts,all,2000,M1 % articles reporting P,542,2698,20.088954781319497
PMC full-texts,all,2000,M2 % exact (=) among P reports,798,2093,38.12709030100334
PMC full-texts,all,2000,M3 % articles with >=1 P<=.05,513,542,94.64944649446494
PMC full-texts,all,2000,M4 % articles with >=1 P<=.005,245,542,45.2029520295203
PMC full-texts,all,2001,M1 % articles reporting P,978,3733,26.19876774712028
PMC full-texts,all,2001,M2 % exact (=) among P reports,1773,4799,36.94519691602417
PMC full-texts,all,2001,M3 % articles with >=1 P<=.05,930,978,95.0920245398773
PMC full-texts,all,2001,M4 % articles with >=1 P<=.005,512,978,52.351738241308794
PMC full-texts,all,2002,M1 % articles reporting P,1658,5091,32.567275584364566
PMC full-texts,all,2002,M2 % exact (=) among P reports,4084,10528,38.79179331306991
PMC full-texts,all,2002,M3 % articles with >=1 P<=.05,1572,1658,94.8130277442702
PMC full-texts,all,2002,M4 % articles with >=1 P<=.005,890,1658,53.67913148371532
PMC full-texts,all,2003,M1 % articles reporting P,2305,7005,32.90506780870807
PMC full-texts,all,2003,M2 % exact (=) among P reports,5952,15219,39.1090084762468
PMC full-texts,all,2003,M3 % articles with >=1 P<=.05,2186,2305,94.83731019522777
PMC full-texts,all,2003,M4 % articles with >=1 P<=.005,1325,2305,57.48373101952278
PMC full-texts,all,2004,M1 % articles reporting P,3427,10246,33.44719890689049
PMC full-texts,all,2004,M2 % exact (=) among P reports,10012,23420,42.749786507258754
PMC full-texts,all,2004,M3 % articles with >=1 P<=.05,3243,3427,94.63087248322148
PMC full-texts,all,2004,M4 % articles with >=1 P<=.005,2026,3427,59.11876276626787
PMC full-texts,all,2005,M1 % articles reporting P,5408,15662,34.5294342995786
PMC full-texts,all,2005,M2 % exact (=) among P reports,16701,38902,42.930954706698884
PMC full-texts,all,2005,M3 % articles with >=1 P<=.05,5166,5408,95.52514792899409
PMC full-texts,all,2005,M4 % articles with >=1 P<=.005,3083,5408,57.008136094674555
PMC full-texts,all,2006,M1 % articles reporting P,7289,20055,36.34505110944902
PMC full-texts,all,2006,M2 % exact (=) among P reports,23684,54291,43.62417343574442
PMC full-texts,all,2006,M3 % articles with >=1 P<=.05,6894,7289,94.5808752915352
PMC full-texts,all,2006,M4 % articles with >=1 P<=.005,4255,7289,58.3756345177665
PMC full-texts,all,2007,M1 % articles reporting P,10786,27529,39.18050056304261
PMC full-texts,all,2007,M2 % exact (=) among P reports,35535,83923,42.34238528174636
PMC full-texts,all,2007,M3 % articles with >=1 P<=.05,10274,10786,95.25310587798998
PMC full-texts,all,2007,M4 % articles with >=1 P<=.005,6384,10786,59.18783608381235
PMC full-texts,all,2008,M1 % articles reporting P,16522,43398,38.070878842342964
PMC full-texts,all,2008,M2 % exact (=) among P reports,57569,137959,41.72906443218638
PMC full-texts,all,2008,M3 % articles with >=1 P<=.05,15779,16522,95.50296574264617
PMC full-texts,all,2008,M4 % articles with >=1 P<=.005,9806,16522,59.35116813945043
PMC full-texts,all,2009,M1 % articles reporting P,23047,58835,39.17226140902524
PMC full-texts,all,2009,M2 % exact (=) among P reports,81020,195479,41.44690734043043
PMC full-texts,all,2009,M3 % articles with >=1 P<=.05,22047,23047,95.6610404824923
PMC full-texts,all,2009,M4 % articles with >=1 P<=.005,13751,23047,59.665032325248404
PMC full-texts,all,2010,M1 % articles reporting P,33387,80146,41.657724652509174
PMC full-texts,all,2010,M2 % exact (=) among P reports,118970,291827,40.767303916361406
PMC full-texts,all,2010,M3 % articles with >=1 P<=.05,31989,33387,95.8127414862072
PMC full-texts,all,2010,M4 % articles with >=1 P<=.005,19683,33387,58.95408392488094
PMC full-texts,all,2011,M1 % articles reporting P,47414,109511,43.29610724036855
PMC full-texts,all,2011,M2 % exact (=) among P reports,170066,419622,40.52838030417852
PMC full-texts,all,2011,M3 % articles with >=1 P<=.05,45531,47414,96.02859914793099
PMC full-texts,all,2011,M4 % articles with >=1 P<=.005,27633,47414,58.28025477707006
PMC full-texts,all,2012,M1 % articles reporting P,67238,146163,46.00206618638096
PMC full-texts,all,2012,M2 % exact (=) among P reports,247085,618802,39.92957359543117
PMC full-texts,all,2012,M3 % articles with >=1 P<=.05,64759,67238,96.31309676076029
PMC full-texts,all,2012,M4 % articles with >=1 P<=.005,38491,67238,57.245902614592936
PMC full-texts,all,2013,M1 % articles reporting P,88843,184796,48.07625706184117
PMC full-texts,all,2013,M2 % exact (=) among P reports,349007,853540,40.88935492185486
PMC full-texts,all,2013,M3 % articles with >=1 P<=.05,85547,88843,96.29008475625541
PMC full-texts,all,2013,M4 % articles with >=1 P<=.005,50916,88843,57.31008633206893
PMC full-texts,all,2014,M1 % articles reporting P,106587,221453,48.13075460707238
PMC full-texts,all,2014,M2 % exact (=) among P reports,424061,1026373,41.31646097471387
PMC full-texts,all,2014,M3 % articles with >=1 P<=.05,102694,106587,96.34758460224981
PMC full-texts,all,2014,M4 % articles with >=1 P<=.005,60611,106587,56.86528375880736
PMC full-texts,all,2015,M1 % articles reporting P,123219,252039,48.88886243795603
PMC full-texts,all,2015,M2 % exact (=) among P reports,507894,1201131,42.28464672046596
PMC full-texts,all,2015,M3 % articles with >=1 P<=.05,118816,123219,96.42668744268335
PMC full-texts,all,2015,M4 % articles with >=1 P<=.005,70594,123219,57.29148913722722
PMC full-texts,all,2016,M1 % articles reporting P,138200,274180,50.40484353344518
PMC full-texts,all,2016,M2 % exact (=) among P reports,594174,1374811,43.2185951378044
PMC full-texts,all,2016,M3 % articles with >=1 P<=.05,133587,138200,96.66208393632417
PMC full-texts,all,2016,M4 % articles with >=1 P<=.005,79501,138200,57.5260492040521
PMC full-texts,all,2017,M1 % articles reporting P,157356,306531,51.33444904430547
PMC full-texts,all,2017,M2 % exact (=) among P reports,693715,1611837,43.03878121671112
PMC full-texts,all,2017,M3 % articles with >=1 P<=.05,151878,157356,96.51872187905133
PMC full-texts,all,2017,M4 % articles with >=1 P<=.005,89695,157356,57.00132184346323
PMC full-texts,all,2018,M1 % articles reporting P,170166,339348,50.144983910322146
PMC full-texts,all,2018,M2 % exact (=) among P reports,766952,1744367,43.967353200329974
PMC full-texts,all,2018,M3 % articles with >=1 P<=.05,164142,170166,96.45992736504354
PMC full-texts,all,2018,M4 % articles with >=1 P<=.005,97487,170166,57.28935274966797
PMC full-texts,all,2019,M1 % articles reporting P,198433,390414,50.82630233546953
PMC full-texts,all,2019,M2 % exact (=) among P reports,900467,2047398,43.98104325587892
PMC full-texts,all,2019,M3 % articles with >=1 P<=.05,191429,198433,96.47034515428382
PMC full-texts,all,2019,M4 % articles with >=1 P<=.005,113467,198433,57.18151718716141
PMC full-texts,all,2020,M1 % articles reporting P,259936,542079,47.95168231936673
PMC full-texts,all,2020,M2 % exact (=) among P reports,1202104,2715743,44.26427684799335
PMC full-texts,all,2020,M3 % articles with >=1 P<=.05,250823,259936,96.49413701834298
PMC full-texts,all,2020,M4 % articles with >=1 P<=.005,150931,259936,58.06467745906685
PMC full-texts,all,2021,M1 % articles reporting P,335807,677988,49.52993268317433
PMC full-texts,all,2021,M2 % exact (=) among P reports,1631409,3642770,44.78484779439822
PMC full-texts,all,2021,M3 % articles with >=1 P<=.05,324437,335807,96.61412656674815
PMC full-texts,all,2021,M4 % articles with >=1 P<=.005,199655,335807,59.455282349683
PMC full-texts,all,2022,M1 % articles reporting P,384088,769707,49.90054657161751
PMC full-texts,all,2022,M2 % exact (=) among P reports,1861058,4240654,43.886108133320946
PMC full-texts,all,2022,M3 % articles with >=1 P<=.05,371382,384088,96.69190393868072
PMC full-texts,all,2022,M4 % articles with >=1 P<=.005,227763,384088,59.2996917373102
PMC full-texts,all,2023,M1 % articles reporting P,342239,693210,49.37017642561417
PMC full-texts,all,2023,M2 % exact (=) among P reports,1685792,3805267,44.301543098027025
PMC full-texts,all,2023,M3 % articles with >=1 P<=.05,330819,342239,96.66315060527877
PMC full-texts,all,2023,M4 % articles with >=1 P<=.005,205617,342239,60.079944132609086
PMC full-texts,all,2024,M1 % articles reporting P,348872,683803,51.01937253858202
PMC full-texts,all,2024,M2 % exact (=) among P reports,1734392,3977104,43.609420321922684
PMC full-texts,all,2024,M3 % articles with >=1 P<=.05,337493,348872,96.73834529569584
PMC full-texts,all,2024,M4 % articles with >=1 P<=.005,210507,348872,60.33932215827008
PMC full-texts,all,2025,M1 % articles reporting P,279865,524904,53.31736850928932
PMC full-texts,all,2025,M2 % exact (=) among P reports,1479633,3405386,43.44978807101457
PMC full-texts,all,2025,M3 % articles with >=1 P<=.05,271084,279865,96.86241580762153
PMC full-texts,all,2025,M4 % articles with >=1 P<=.005,174692,279865,62.4200954031408
PMC full-texts,RCT,1990,M1 % articles reporting P,0,1,
PMC full-texts,RCT,1990,M2 % exact (=) among P reports,0,0,
PMC full-texts,RCT,1990,M3 % articles with >=1 P<=.05,0,0,
PMC full-texts,RCT,1990,M4 % articles with >=1 P<=.005,0,0,
PMC full-texts,RCT,1991,M1 % articles reporting P,0,0,
PMC full-texts,RCT,1991,M2 % exact (=) among P reports,0,0,
PMC full-texts,RCT,1991,M3 % articles with >=1 P<=.05,0,0,
PMC full-texts,RCT,1991,M4 % articles with >=1 P<=.005,0,0,
PMC full-texts,RCT,1992,M1 % articles reporting P,0,1,
PMC full-texts,RCT,1992,M2 % exact (=) among P reports,0,0,
PMC full-texts,RCT,1992,M3 % articles with >=1 P<=.05,0,0,
PMC full-texts,RCT,1992,M4 % articles with >=1 P<=.005,0,0,
PMC full-texts,RCT,1993,M1 % articles reporting P,1,1,
PMC full-texts,RCT,1993,M2 % exact (=) among P reports,0,6,
PMC full-texts,RCT,1993,M3 % articles with >=1 P<=.05,1,1,
PMC full-texts,RCT,1993,M4 % articles with >=1 P<=.005,0,1,
PMC full-texts,RCT,1994,M1 % articles reporting P,2,3,
PMC full-texts,RCT,1994,M2 % exact (=) among P reports,0,7,
PMC full-texts,RCT,1994,M3 % articles with >=1 P<=.05,1,2,
PMC full-texts,RCT,1994,M4 % articles with >=1 P<=.005,1,2,
PMC full-texts,RCT,1995,M1 % articles reporting P,1,2,
PMC full-texts,RCT,1995,M2 % exact (=) among P reports,1,3,
PMC full-texts,RCT,1995,M3 % articles with >=1 P<=.05,1,1,
PMC full-texts,RCT,1995,M4 % articles with >=1 P<=.005,1,1,
PMC full-texts,RCT,1996,M1 % articles reporting P,1,1,
PMC full-texts,RCT,1996,M2 % exact (=) among P reports,0,8,
PMC full-texts,RCT,1996,M3 % articles with >=1 P<=.05,1,1,
PMC full-texts,RCT,1996,M4 % articles with >=1 P<=.005,1,1,
PMC full-texts,RCT,1997,M1 % articles reporting P,4,4,
PMC full-texts,RCT,1997,M2 % exact (=) among P reports,11,25,
PMC full-texts,RCT,1997,M3 % articles with >=1 P<=.05,4,4,
PMC full-texts,RCT,1997,M4 % articles with >=1 P<=.005,1,4,
PMC full-texts,RCT,1998,M1 % articles reporting P,4,5,
PMC full-texts,RCT,1998,M2 % exact (=) among P reports,6,19,
PMC full-texts,RCT,1998,M3 % articles with >=1 P<=.05,4,4,
PMC full-texts,RCT,1998,M4 % articles with >=1 P<=.005,2,4,
PMC full-texts,RCT,1999,M1 % articles reporting P,5,6,
PMC full-texts,RCT,1999,M2 % exact (=) among P reports,10,30,
PMC full-texts,RCT,1999,M3 % articles with >=1 P<=.05,3,5,
PMC full-texts,RCT,1999,M4 % articles with >=1 P<=.005,3,5,
PMC full-texts,RCT,2000,M1 % articles reporting P,9,10,
PMC full-texts,RCT,2000,M2 % exact (=) among P reports,20,37,
PMC full-texts,RCT,2000,M3 % articles with >=1 P<=.05,9,9,
PMC full-texts,RCT,2000,M4 % articles with >=1 P<=.005,2,9,
PMC full-texts,RCT,2001,M1 % articles reporting P,15,21,
PMC full-texts,RCT,2001,M2 % exact (=) among P reports,43,97,44.329896907216494
PMC full-texts,RCT,2001,M3 % articles with >=1 P<=.05,12,15,
PMC full-texts,RCT,2001,M4 % articles with >=1 P<=.005,9,15,
PMC full-texts,RCT,2002,M1 % articles reporting P,50,65,76.92307692307692
PMC full-texts,RCT,2002,M2 % exact (=) among P reports,286,439,65.14806378132118
PMC full-texts,RCT,2002,M3 % articles with >=1 P<=.05,44,50,88.0
PMC full-texts,RCT,2002,M4 % articles with >=1 P<=.005,27,50,54.0
PMC full-texts,RCT,2003,M1 % articles reporting P,50,68,73.52941176470588
PMC full-texts,RCT,2003,M2 % exact (=) among P reports,214,366,58.46994535519126
PMC full-texts,RCT,2003,M3 % articles with >=1 P<=.05,49,50,98.0
PMC full-texts,RCT,2003,M4 % articles with >=1 P<=.005,26,50,52.0
PMC full-texts,RCT,2004,M1 % articles reporting P,129,157,82.1656050955414
PMC full-texts,RCT,2004,M2 % exact (=) among P reports,646,1094,59.04936014625228
PMC full-texts,RCT,2004,M3 % articles with >=1 P<=.05,116,129,89.92248062015504
PMC full-texts,RCT,2004,M4 % articles with >=1 P<=.005,68,129,52.713178294573645
PMC full-texts,RCT,2005,M1 % articles reporting P,151,190,79.47368421052632
PMC full-texts,RCT,2005,M2 % exact (=) among P reports,860,1387,62.004325883201155
PMC full-texts,RCT,2005,M3 % articles with >=1 P<=.05,142,151,94.03973509933775
PMC full-texts,RCT,2005,M4 % articles with >=1 P<=.005,93,151,61.58940397350993
PMC full-texts,RCT,2006,M1 % articles reporting P,198,258,76.74418604651163
PMC full-texts,RCT,2006,M2 % exact (=) among P reports,1065,1761,60.477001703577514
PMC full-texts,RCT,2006,M3 % articles with >=1 P<=.05,185,198,93.43434343434343
PMC full-texts,RCT,2006,M4 % articles with >=1 P<=.005,123,198,62.121212121212125
PMC full-texts,RCT,2007,M1 % articles reporting P,354,476,74.36974789915966
PMC full-texts,RCT,2007,M2 % exact (=) among P reports,1767,3141,56.255969436485195
PMC full-texts,RCT,2007,M3 % articles with >=1 P<=.05,335,354,94.63276836158192
PMC full-texts,RCT,2007,M4 % articles with >=1 P<=.005,205,354,57.909604519774014
PMC full-texts,RCT,2008,M1 % articles reporting P,586,756,77.51322751322752
PMC full-texts,RCT,2008,M2 % exact (=) among P reports,3446,6171,55.841840868578835
PMC full-texts,RCT,2008,M3 % articles with >=1 P<=.05,565,586,96.41638225255973
PMC full-texts,RCT,2008,M4 % articles with >=1 P<=.005,382,586,65.18771331058021
PMC full-texts,RCT,2009,M1 % articles reporting P,791,1076,73.51301115241635
PMC full-texts,RCT,2009,M2 % exact (=) among P reports,4802,7990,60.10012515644556
PMC full-texts,RCT,2009,M3 % articles with >=1 P<=.05,754,791,95.32237673830595
PMC full-texts,RCT,2009,M4 % articles with >=1 P<=.005,492,791,62.19974715549937
PMC full-texts,RCT,2010,M1 % articles reporting P,1058,1462,72.36662106703146
PMC full-texts,RCT,2010,M2 % exact (=) among P reports,6601,11353,58.14322205584427
PMC full-texts,RCT,2010,M3 % articles with >=1 P<=.05,1012,1058,95.65217391304348
PMC full-texts,RCT,2010,M4 % articles with >=1 P<=.005,687,1058,64.93383742911153
PMC full-texts,RCT,2011,M1 % articles reporting P,1480,2043,72.44248653940284
PMC full-texts,RCT,2011,M2 % exact (=) among P reports,9701,16270,59.62507682851874
PMC full-texts,RCT,2011,M3 % articles with >=1 P<=.05,1414,1480,95.54054054054055
PMC full-texts,RCT,2011,M4 % articles with >=1 P<=.005,926,1480,62.567567567567565
PMC full-texts,RCT,2012,M1 % articles reporting P,1890,2521,74.970249900833
PMC full-texts,RCT,2012,M2 % exact (=) among P reports,12213,20815,58.67403314917127
PMC full-texts,RCT,2012,M3 % articles with >=1 P<=.05,1798,1890,95.13227513227513
PMC full-texts,RCT,2012,M4 % articles with >=1 P<=.005,1217,1890,64.39153439153439
PMC full-texts,RCT,2013,M1 % articles reporting P,2569,3459,74.27002023706274
PMC full-texts,RCT,2013,M2 % exact (=) among P reports,17389,28929,60.10923294963531
PMC full-texts,RCT,2013,M3 % articles with >=1 P<=.05,2451,2569,95.40677306344881
PMC full-texts,RCT,2013,M4 % articles with >=1 P<=.005,1631,2569,63.48773841961853
PMC full-texts,RCT,2014,M1 % articles reporting P,3157,4252,74.24741298212606
PMC full-texts,RCT,2014,M2 % exact (=) among P reports,20101,34724,57.8879161386937
PMC full-texts,RCT,2014,M3 % articles with >=1 P<=.05,3016,3157,95.5337345581248
PMC full-texts,RCT,2014,M4 % articles with >=1 P<=.005,1997,3157,63.25625593918277
PMC full-texts,RCT,2015,M1 % articles reporting P,3544,4706,75.30811729706757
PMC full-texts,RCT,2015,M2 % exact (=) among P reports,23790,40086,59.34740308337075
PMC full-texts,RCT,2015,M3 % articles with >=1 P<=.05,3393,3544,95.7392776523702
PMC full-texts,RCT,2015,M4 % articles with >=1 P<=.005,2174,3544,61.3431151241535
PMC full-texts,RCT,2016,M1 % articles reporting P,3849,5058,76.09727164887308
PMC full-texts,RCT,2016,M2 % exact (=) among P reports,26437,45309,58.34823103577656
PMC full-texts,RCT,2016,M3 % articles with >=1 P<=.05,3699,3849,96.1028838659392
PMC full-texts,RCT,2016,M4 % articles with >=1 P<=.005,2410,3849,62.61366588724344
PMC full-texts,RCT,2017,M1 % articles reporting P,4199,5499,76.35933806146572
PMC full-texts,RCT,2017,M2 % exact (=) among P reports,29000,49052,59.12093288754791
PMC full-texts,RCT,2017,M3 % articles with >=1 P<=.05,4002,4199,95.30840676351512
PMC full-texts,RCT,2017,M4 % articles with >=1 P<=.005,2583,4199,61.514646344367705
PMC full-texts,RCT,2018,M1 % articles reporting P,4232,5323,79.50403907570919
PMC full-texts,RCT,2018,M2 % exact (=) among P reports,29803,49966,59.64655966056919
PMC full-texts,RCT,2018,M3 % articles with >=1 P<=.05,4012,4232,94.80151228733459
PMC full-texts,RCT,2018,M4 % articles with >=1 P<=.005,2704,4232,63.89413988657845
PMC full-texts,RCT,2019,M1 % articles reporting P,4800,5881,81.61877231763306
PMC full-texts,RCT,2019,M2 % exact (=) among P reports,35600,58620,60.730126236779256
PMC full-texts,RCT,2019,M3 % articles with >=1 P<=.05,4566,4800,95.125
PMC full-texts,RCT,2019,M4 % articles with >=1 P<=.005,3107,4800,64.72916666666667
PMC full-texts,RCT,2020,M1 % articles reporting P,5783,7067,81.83104570539126
PMC full-texts,RCT,2020,M2 % exact (=) among P reports,42742,70077,60.99290780141844
PMC full-texts,RCT,2020,M3 % articles with >=1 P<=.05,5526,5783,95.55593982362096
PMC full-texts,RCT,2020,M4 % articles with >=1 P<=.005,3753,5783,64.8971122254885
PMC full-texts,RCT,2021,M1 % articles reporting P,6784,8152,83.21884200196271
PMC full-texts,RCT,2021,M2 % exact (=) among P reports,52412,86190,60.809838728390766
PMC full-texts,RCT,2021,M3 % articles with >=1 P<=.05,6455,6784,95.15035377358491
PMC full-texts,RCT,2021,M4 % articles with >=1 P<=.005,4426,6784,65.24174528301887
PMC full-texts,RCT,2022,M1 % articles reporting P,8225,9721,84.61063676576484
PMC full-texts,RCT,2022,M2 % exact (=) among P reports,60917,105427,57.78121354112324
PMC full-texts,RCT,2022,M3 % articles with >=1 P<=.05,7866,8225,95.63525835866261
PMC full-texts,RCT,2022,M4 % articles with >=1 P<=.005,5246,8225,63.78115501519757
PMC full-texts,RCT,2023,M1 % articles reporting P,6845,8052,85.00993541977148
PMC full-texts,RCT,2023,M2 % exact (=) among P reports,52210,88563,58.952384178494405
PMC full-texts,RCT,2023,M3 % articles with >=1 P<=.05,6559,6845,95.82176771365961
PMC full-texts,RCT,2023,M4 % articles with >=1 P<=.005,4542,6845,66.35500365230095
PMC full-texts,RCT,2024,M1 % articles reporting P,7493,8653,86.59424477059979
PMC full-texts,RCT,2024,M2 % exact (=) among P reports,61915,106358,58.213768592865605
PMC full-texts,RCT,2024,M3 % articles with >=1 P<=.05,7174,7493,95.74269318030161
PMC full-texts,RCT,2024,M4 % articles with >=1 P<=.005,5026,7493,67.07593754170558
PMC full-texts,RCT,2025,M1 % articles reporting P,6234,7148,87.21320649132625
PMC full-texts,RCT,2025,M2 % exact (=) among P reports,52197,90262,57.82832199596729
PMC full-texts,RCT,2025,M3 % articles with >=1 P<=.05,5989,6234,96.06993904395252
PMC full-texts,RCT,2025,M4 % articles with >=1 P<=.005,4272,6234,68.5274302213667
PMC full-texts,CT,1990,M1 % articles reporting P,1,1,
PMC full-texts,CT,1990,M2 % exact (=) among P reports,0,3,
PMC full-texts,CT,1990,M3 % articles with >=1 P<=.05,1,1,
PMC full-texts,CT,1990,M4 % articles with >=1 P<=.005,0,1,
PMC full-texts,CT,1991,M1 % articles reporting P,0,0,
PMC full-texts,CT,1991,M2 % exact (=) among P reports,0,0,
PMC full-texts,CT,1991,M3 % articles with >=1 P<=.05,0,0,
PMC full-texts,CT,1991,M4 % articles with >=1 P<=.005,0,0,
PMC full-texts,CT,1992,M1 % articles reporting P,0,0,
PMC full-texts,CT,1992,M2 % exact (=) among P reports,0,0,
PMC full-texts,CT,1992,M3 % articles with >=1 P<=.05,0,0,
PMC full-texts,CT,1992,M4 % articles with >=1 P<=.005,0,0,
PMC full-texts,CT,1993,M1 % articles reporting P,0,0,
PMC full-texts,CT,1993,M2 % exact (=) among P reports,0,0,
PMC full-texts,CT,1993,M3 % articles with >=1 P<=.05,0,0,
PMC full-texts,CT,1993,M4 % articles with >=1 P<=.005,0,0,
PMC full-texts,CT,1994,M1 % articles reporting P,0,0,
PMC full-texts,CT,1994,M2 % exact (=) among P reports,0,0,
PMC full-texts,CT,1994,M3 % articles with >=1 P<=.05,0,0,
PMC full-texts,CT,1994,M4 % articles with >=1 P<=.005,0,0,
PMC full-texts,CT,1995,M1 % articles reporting P,2,2,
PMC full-texts,CT,1995,M2 % exact (=) among P reports,1,9,
PMC full-texts,CT,1995,M3 % articles with >=1 P<=.05,1,2,
PMC full-texts,CT,1995,M4 % articles with >=1 P<=.005,0,2,
PMC full-texts,CT,1996,M1 % articles reporting P,2,2,
PMC full-texts,CT,1996,M2 % exact (=) among P reports,5,13,
PMC full-texts,CT,1996,M3 % articles with >=1 P<=.05,2,2,
PMC full-texts,CT,1996,M4 % articles with >=1 P<=.005,1,2,
PMC full-texts,CT,1997,M1 % articles reporting P,5,14,
PMC full-texts,CT,1997,M2 % exact (=) among P reports,1,26,
PMC full-texts,CT,1997,M3 % articles with >=1 P<=.05,5,5,
PMC full-texts,CT,1997,M4 % articles with >=1 P<=.005,1,5,
PMC full-texts,CT,1998,M1 % articles reporting P,6,20,
PMC full-texts,CT,1998,M2 % exact (=) among P reports,20,35,
PMC full-texts,CT,1998,M3 % articles with >=1 P<=.05,6,6,
PMC full-texts,CT,1998,M4 % articles with >=1 P<=.005,2,6,
PMC full-texts,CT,1999,M1 % articles reporting P,5,10,
PMC full-texts,CT,1999,M2 % exact (=) among P reports,5,39,
PMC full-texts,CT,1999,M3 % articles with >=1 P<=.05,5,5,
PMC full-texts,CT,1999,M4 % articles with >=1 P<=.005,3,5,
PMC full-texts,CT,2000,M1 % articles reporting P,16,24,
PMC full-texts,CT,2000,M2 % exact (=) among P reports,34,102,33.333333333333336
PMC full-texts,CT,2000,M3 % articles with >=1 P<=.05,16,16,
PMC full-texts,CT,2000,M4 % articles with >=1 P<=.005,6,16,
PMC full-texts,CT,2001,M1 % articles reporting P,22,24,
PMC full-texts,CT,2001,M2 % exact (=) among P reports,33,124,26.612903225806452
PMC full-texts,CT,2001,M3 % articles with >=1 P<=.05,22,22,
PMC full-texts,CT,2001,M4 % articles with >=1 P<=.005,7,22,
PMC full-texts,CT,2002,M1 % articles reporting P,48,81,59.25925925925926
PMC full-texts,CT,2002,M2 % exact (=) among P reports,133,226,58.849557522123895
PMC full-texts,CT,2002,M3 % articles with >=1 P<=.05,43,48,
PMC full-texts,CT,2002,M4 % articles with >=1 P<=.005,27,48,
PMC full-texts,CT,2003,M1 % articles reporting P,59,103,57.28155339805825
PMC full-texts,CT,2003,M2 % exact (=) among P reports,223,422,52.843601895734594
PMC full-texts,CT,2003,M3 % articles with >=1 P<=.05,56,59,94.91525423728814
PMC full-texts,CT,2003,M4 % articles with >=1 P<=.005,35,59,59.32203389830509
PMC full-texts,CT,2004,M1 % articles reporting P,121,196,61.734693877551024
PMC full-texts,CT,2004,M2 % exact (=) among P reports,464,900,51.55555555555556
PMC full-texts,CT,2004,M3 % articles with >=1 P<=.05,115,121,95.04132231404958
PMC full-texts,CT,2004,M4 % articles with >=1 P<=.005,81,121,66.94214876033058
PMC full-texts,CT,2005,M1 % articles reporting P,121,175,69.14285714285714
PMC full-texts,CT,2005,M2 % exact (=) among P reports,475,858,55.36130536130536
PMC full-texts,CT,2005,M3 % articles with >=1 P<=.05,117,121,96.69421487603306
PMC full-texts,CT,2005,M4 % articles with >=1 P<=.005,66,121,54.54545454545455
PMC full-texts,CT,2006,M1 % articles reporting P,90,123,73.17073170731707
PMC full-texts,CT,2006,M2 % exact (=) among P reports,434,793,54.728877679697355
PMC full-texts,CT,2006,M3 % articles with >=1 P<=.05,87,90,96.66666666666667
PMC full-texts,CT,2006,M4 % articles with >=1 P<=.005,55,90,61.111111111111114
PMC full-texts,CT,2007,M1 % articles reporting P,110,145,75.86206896551724
PMC full-texts,CT,2007,M2 % exact (=) among P reports,434,848,51.179245283018865
PMC full-texts,CT,2007,M3 % articles with >=1 P<=.05,105,110,95.45454545454545
PMC full-texts,CT,2007,M4 % articles with >=1 P<=.005,67,110,60.90909090909091
PMC full-texts,CT,2008,M1 % articles reporting P,145,181,80.11049723756906
PMC full-texts,CT,2008,M2 % exact (=) among P reports,787,1485,52.996632996633
PMC full-texts,CT,2008,M3 % articles with >=1 P<=.05,137,145,94.48275862068965
PMC full-texts,CT,2008,M4 % articles with >=1 P<=.005,97,145,66.89655172413794
PMC full-texts,CT,2009,M1 % articles reporting P,176,217,81.10599078341014
PMC full-texts,CT,2009,M2 % exact (=) among P reports,1000,1805,55.40166204986149
PMC full-texts,CT,2009,M3 % articles with >=1 P<=.05,174,176,98.86363636363636
PMC full-texts,CT,2009,M4 % articles with >=1 P<=.005,119,176,67.61363636363636
PMC full-texts,CT,2010,M1 % articles reporting P,285,362,78.7292817679558
PMC full-texts,CT,2010,M2 % exact (=) among P reports,1535,2895,53.02245250431779
PMC full-texts,CT,2010,M3 % articles with >=1 P<=.05,275,285,96.49122807017544
PMC full-texts,CT,2010,M4 % articles with >=1 P<=.005,185,285,64.91228070175438
PMC full-texts,CT,2011,M1 % articles reporting P,409,508,80.51181102362204
PMC full-texts,CT,2011,M2 % exact (=) among P reports,2682,5112,52.46478873239437
PMC full-texts,CT,2011,M3 % articles with >=1 P<=.05,397,409,97.06601466992664
PMC full-texts,CT,2011,M4 % articles with >=1 P<=.005,298,409,72.86063569682152
PMC full-texts,CT,2012,M1 % articles reporting P,722,867,83.27566320645906
PMC full-texts,CT,2012,M2 % exact (=) among P reports,4772,8992,53.069395017793596
PMC full-texts,CT,2012,M3 % articles with >=1 P<=.05,704,722,97.50692520775624
PMC full-texts,CT,2012,M4 % articles with >=1 P<=.005,505,722,69.94459833795014
PMC full-texts,CT,2013,M1 % articles reporting P,1083,1306,82.92496171516079
PMC full-texts,CT,2013,M2 % exact (=) among P reports,6459,13257,48.7214301878253
PMC full-texts,CT,2013,M3 % articles with >=1 P<=.05,1050,1083,96.95290858725762
PMC full-texts,CT,2013,M4 % articles with >=1 P<=.005,717,1083,66.20498614958449
PMC full-texts,CT,2014,M1 % articles reporting P,1201,1459,82.31665524331734
PMC full-texts,CT,2014,M2 % exact (=) among P reports,6542,13201,49.556851753655025
PMC full-texts,CT,2014,M3 % articles with >=1 P<=.05,1153,1201,96.00333055786844
PMC full-texts,CT,2014,M4 % articles with >=1 P<=.005,780,1201,64.9458784346378
PMC full-texts,CT,2015,M1 % articles reporting P,1219,1465,83.20819112627986
PMC full-texts,CT,2015,M2 % exact (=) among P reports,7244,14116,51.31765372626806
PMC full-texts,CT,2015,M3 % articles with >=1 P<=.05,1178,1219,96.63658736669402
PMC full-texts,CT,2015,M4 % articles with >=1 P<=.005,858,1219,70.38556193601312
PMC full-texts,CT,2016,M1 % articles reporting P,1256,1482,84.75033738191632
PMC full-texts,CT,2016,M2 % exact (=) among P reports,8189,15314,53.473945409429284
PMC full-texts,CT,2016,M3 % articles with >=1 P<=.05,1227,1256,97.69108280254777
PMC full-texts,CT,2016,M4 % articles with >=1 P<=.005,880,1256,70.06369426751593
PMC full-texts,CT,2017,M1 % articles reporting P,1148,1346,85.28974739970282
PMC full-texts,CT,2017,M2 % exact (=) among P reports,8085,14347,56.35324458074859
PMC full-texts,CT,2017,M3 % articles with >=1 P<=.05,1113,1148,96.95121951219512
PMC full-texts,CT,2017,M4 % articles with >=1 P<=.005,776,1148,67.59581881533101
PMC full-texts,CT,2018,M1 % articles reporting P,1508,1827,82.53968253968254
PMC full-texts,CT,2018,M2 % exact (=) among P reports,10231,18569,55.09720501911789
PMC full-texts,CT,2018,M3 % articles with >=1 P<=.05,1463,1508,97.0159151193634
PMC full-texts,CT,2018,M4 % articles with >=1 P<=.005,1056,1508,70.026525198939
PMC full-texts,CT,2019,M1 % articles reporting P,1741,2145,81.16550116550117
PMC full-texts,CT,2019,M2 % exact (=) among P reports,11284,20960,53.83587786259542
PMC full-texts,CT,2019,M3 % articles with >=1 P<=.05,1702,1741,97.7599080987938
PMC full-texts,CT,2019,M4 % articles with >=1 P<=.005,1194,1741,68.58127512923608
PMC full-texts,CT,2020,M1 % articles reporting P,1565,1930,81.0880829015544
PMC full-texts,CT,2020,M2 % exact (=) among P reports,10341,19081,54.19527278444526
PMC full-texts,CT,2020,M3 % articles with >=1 P<=.05,1532,1565,97.89137380191693
PMC full-texts,CT,2020,M4 % articles with >=1 P<=.005,1091,1565,69.71246006389777
PMC full-texts,CT,2021,M1 % articles reporting P,1887,2316,81.47668393782384
PMC full-texts,CT,2021,M2 % exact (=) among P reports,13611,24479,55.60276155071694
PMC full-texts,CT,2021,M3 % articles with >=1 P<=.05,1830,1887,96.97933227344993
PMC full-texts,CT,2021,M4 % articles with >=1 P<=.005,1300,1887,68.8924218335983
PMC full-texts,CT,2022,M1 % articles reporting P,1141,1433,79.6231681786462
PMC full-texts,CT,2022,M2 % exact (=) among P reports,8407,14837,56.66239805890679
PMC full-texts,CT,2022,M3 % articles with >=1 P<=.05,1113,1141,97.54601226993866
PMC full-texts,CT,2022,M4 % articles with >=1 P<=.005,820,1141,71.86678352322524
PMC full-texts,CT,2023,M1 % articles reporting P,830,1068,77.71535580524345
PMC full-texts,CT,2023,M2 % exact (=) among P reports,6023,10785,55.84608252202133
PMC full-texts,CT,2023,M3 % articles with >=1 P<=.05,813,830,97.95180722891567
PMC full-texts,CT,2023,M4 % articles with >=1 P<=.005,574,830,69.1566265060241
PMC full-texts,CT,2024,M1 % articles reporting P,711,902,78.82483370288249
PMC full-texts,CT,2024,M2 % exact (=) among P reports,4482,8682,51.62404975812025
PMC full-texts,CT,2024,M3 % articles with >=1 P<=.05,695,711,97.74964838255977
PMC full-texts,CT,2024,M4 % articles with >=1 P<=.005,480,711,67.51054852320675
PMC full-texts,CT,2025,M1 % articles reporting P,531,642,82.71028037383178
PMC full-texts,CT,2025,M2 % exact (=) among P reports,3784,7274,52.02089634313995
PMC full-texts,CT,2025,M3 % articles with >=1 P<=.05,515,531,96.98681732580037
PMC full-texts,CT,2025,M4 % articles with >=1 P<=.005,375,531,70.62146892655367
PMC full-texts,meta,1990,M1 % articles reporting P,0,0,
PMC full-texts,meta,1990,M2 % exact (=) among P reports,0,0,
PMC full-texts,meta,1990,M3 % articles with >=1 P<=.05,0,0,
PMC full-texts,meta,1990,M4 % articles with >=1 P<=.005,0,0,
PMC full-texts,meta,1991,M1 % articles reporting P,0,1,
PMC full-texts,meta,1991,M2 % exact (=) among P reports,0,0,
PMC full-texts,meta,1991,M3 % articles with >=1 P<=.05,0,0,
PMC full-texts,meta,1991,M4 % articles with >=1 P<=.005,0,0,
PMC full-texts,meta,1992,M1 % articles reporting P,0,0,
PMC full-texts,meta,1992,M2 % exact (=) among P reports,0,0,
PMC full-texts,meta,1992,M3 % articles with >=1 P<=.05,0,0,
PMC full-texts,meta,1992,M4 % articles with >=1 P<=.005,0,0,
PMC full-texts,meta,1993,M1 % articles reporting P,0,0,
PMC full-texts,meta,1993,M2 % exact (=) among P reports,0,0,
PMC full-texts,meta,1993,M3 % articles with >=1 P<=.05,0,0,
PMC full-texts,meta,1993,M4 % articles with >=1 P<=.005,0,0,
PMC full-texts,meta,1994,M1 % articles reporting P,0,0,
PMC full-texts,meta,1994,M2 % exact (=) among P reports,0,0,
PMC full-texts,meta,1994,M3 % articles with >=1 P<=.05,0,0,
PMC full-texts,meta,1994,M4 % articles with >=1 P<=.005,0,0,
PMC full-texts,meta,1995,M1 % articles reporting P,0,0,
PMC full-texts,meta,1995,M2 % exact (=) among P reports,0,0,
PMC full-texts,meta,1995,M3 % articles with >=1 P<=.05,0,0,
PMC full-texts,meta,1995,M4 % articles with >=1 P<=.005,0,0,
PMC full-texts,meta,1996,M1 % articles reporting P,0,0,
PMC full-texts,meta,1996,M2 % exact (=) among P reports,0,0,
PMC full-texts,meta,1996,M3 % articles with >=1 P<=.05,0,0,
PMC full-texts,meta,1996,M4 % articles with >=1 P<=.005,0,0,
PMC full-texts,meta,1997,M1 % articles reporting P,0,0,
PMC full-texts,meta,1997,M2 % exact (=) among P reports,0,0,
PMC full-texts,meta,1997,M3 % articles with >=1 P<=.05,0,0,
PMC full-texts,meta,1997,M4 % articles with >=1 P<=.005,0,0,
PMC full-texts,meta,1998,M1 % articles reporting P,0,0,
PMC full-texts,meta,1998,M2 % exact (=) among P reports,0,0,
PMC full-texts,meta,1998,M3 % articles with >=1 P<=.05,0,0,
PMC full-texts,meta,1998,M4 % articles with >=1 P<=.005,0,0,
PMC full-texts,meta,1999,M1 % articles reporting P,1,1,
PMC full-texts,meta,1999,M2 % exact (=) among P reports,5,5,
PMC full-texts,meta,1999,M3 % articles with >=1 P<=.05,1,1,
PMC full-texts,meta,1999,M4 % articles with >=1 P<=.005,0,1,
PMC full-texts,meta,2000,M1 % articles reporting P,0,1,
PMC full-texts,meta,2000,M2 % exact (=) among P reports,0,0,
PMC full-texts,meta,2000,M3 % articles with >=1 P<=.05,0,0,
PMC full-texts,meta,2000,M4 % articles with >=1 P<=.005,0,0,
PMC full-texts,meta,2001,M1 % articles reporting P,3,6,
PMC full-texts,meta,2001,M2 % exact (=) among P reports,23,35,
PMC full-texts,meta,2001,M3 % articles with >=1 P<=.05,3,3,
PMC full-texts,meta,2001,M4 % articles with >=1 P<=.005,3,3,
PMC full-texts,meta,2002,M1 % articles reporting P,7,9,
PMC full-texts,meta,2002,M2 % exact (=) among P reports,47,68,69.11764705882354
PMC full-texts,meta,2002,M3 % articles with >=1 P<=.05,7,7,
PMC full-texts,meta,2002,M4 % articles with >=1 P<=.005,6,7,
PMC full-texts,meta,2003,M1 % articles reporting P,11,15,
PMC full-texts,meta,2003,M2 % exact (=) among P reports,60,106,56.60377358490566
PMC full-texts,meta,2003,M3 % articles with >=1 P<=.05,11,11,
PMC full-texts,meta,2003,M4 % articles with >=1 P<=.005,8,11,
PMC full-texts,meta,2004,M1 % articles reporting P,24,29,
PMC full-texts,meta,2004,M2 % exact (=) among P reports,172,226,76.10619469026548
PMC full-texts,meta,2004,M3 % articles with >=1 P<=.05,22,24,
PMC full-texts,meta,2004,M4 % articles with >=1 P<=.005,16,24,
PMC full-texts,meta,2005,M1 % articles reporting P,37,47,
PMC full-texts,meta,2005,M2 % exact (=) among P reports,149,227,65.63876651982379
PMC full-texts,meta,2005,M3 % articles with >=1 P<=.05,33,37,
PMC full-texts,meta,2005,M4 % articles with >=1 P<=.005,26,37,
PMC full-texts,meta,2006,M1 % articles reporting P,44,63,69.84126984126983
PMC full-texts,meta,2006,M2 % exact (=) among P reports,307,483,63.56107660455486
PMC full-texts,meta,2006,M3 % articles with >=1 P<=.05,39,44,
PMC full-texts,meta,2006,M4 % articles with >=1 P<=.005,31,44,
PMC full-texts,meta,2007,M1 % articles reporting P,53,91,58.24175824175824
PMC full-texts,meta,2007,M2 % exact (=) among P reports,296,495,59.7979797979798
PMC full-texts,meta,2007,M3 % articles with >=1 P<=.05,52,53,98.11320754716981
PMC full-texts,meta,2007,M4 % articles with >=1 P<=.005,41,53,77.35849056603773
PMC full-texts,meta,2008,M1 % articles reporting P,113,144,78.47222222222223
PMC full-texts,meta,2008,M2 % exact (=) among P reports,731,1057,69.15799432355723
PMC full-texts,meta,2008,M3 % articles with >=1 P<=.05,106,113,93.80530973451327
PMC full-texts,meta,2008,M4 % articles with >=1 P<=.005,68,113,60.176991150442475
PMC full-texts,meta,2009,M1 % articles reporting P,170,211,80.56872037914692
PMC full-texts,meta,2009,M2 % exact (=) among P reports,1261,2101,60.01903855306997
PMC full-texts,meta,2009,M3 % articles with >=1 P<=.05,156,170,91.76470588235294
PMC full-texts,meta,2009,M4 % articles with >=1 P<=.005,114,170,67.05882352941177
PMC full-texts,meta,2010,M1 % articles reporting P,247,323,76.47058823529412
PMC full-texts,meta,2010,M2 % exact (=) among P reports,1749,2605,67.1401151631478
PMC full-texts,meta,2010,M3 % articles with >=1 P<=.05,216,247,87.4493927125506
PMC full-texts,meta,2010,M4 % articles with >=1 P<=.005,155,247,62.75303643724696
PMC full-texts,meta,2011,M1 % articles reporting P,421,520,80.96153846153847
PMC full-texts,meta,2011,M2 % exact (=) among P reports,3122,4881,63.96230280680189
PMC full-texts,meta,2011,M3 % articles with >=1 P<=.05,383,421,90.97387173396675
PMC full-texts,meta,2011,M4 % articles with >=1 P<=.005,276,421,65.55819477434679
PMC full-texts,meta,2012,M1 % articles reporting P,691,831,83.15282791817089
PMC full-texts,meta,2012,M2 % exact (=) among P reports,5414,8462,63.98014653746159
PMC full-texts,meta,2012,M3 % articles with >=1 P<=.05,648,691,93.77713458755427
PMC full-texts,meta,2012,M4 % articles with >=1 P<=.005,451,691,65.26772793053546
PMC full-texts,meta,2013,M1 % articles reporting P,1193,1407,84.79033404406539
PMC full-texts,meta,2013,M2 % exact (=) among P reports,9240,14138,65.35577875229878
PMC full-texts,meta,2013,M3 % articles with >=1 P<=.05,1103,1193,92.45599329421626
PMC full-texts,meta,2013,M4 % articles with >=1 P<=.005,744,1193,62.36378876781224
PMC full-texts,meta,2014,M1 % articles reporting P,1612,1853,86.99406368051808
PMC full-texts,meta,2014,M2 % exact (=) among P reports,12783,19979,63.98218129035487
PMC full-texts,meta,2014,M3 % articles with >=1 P<=.05,1516,1612,94.04466501240695
PMC full-texts,meta,2014,M4 % articles with >=1 P<=.005,1053,1612,65.3225806451613
PMC full-texts,meta,2015,M1 % articles reporting P,2060,2396,85.97662771285476
PMC full-texts,meta,2015,M2 % exact (=) among P reports,16653,25695,64.810274372446
PMC full-texts,meta,2015,M3 % articles with >=1 P<=.05,1940,2060,94.1747572815534
PMC full-texts,meta,2015,M4 % articles with >=1 P<=.005,1371,2060,66.55339805825243
PMC full-texts,meta,2016,M1 % articles reporting P,2494,2857,87.29436471823591
PMC full-texts,meta,2016,M2 % exact (=) among P reports,20257,31907,63.48763594195631
PMC full-texts,meta,2016,M3 % articles with >=1 P<=.05,2323,2494,93.14354450681635
PMC full-texts,meta,2016,M4 % articles with >=1 P<=.005,1663,2494,66.68003207698476
PMC full-texts,meta,2017,M1 % articles reporting P,2637,2984,88.37131367292226
PMC full-texts,meta,2017,M2 % exact (=) among P reports,21690,33384,64.97124370956146
PMC full-texts,meta,2017,M3 % articles with >=1 P<=.05,2462,2637,93.36367083807357
PMC full-texts,meta,2017,M4 % articles with >=1 P<=.005,1790,2637,67.88016685627608
PMC full-texts,meta,2018,M1 % articles reporting P,2570,2934,87.59372869802317
PMC full-texts,meta,2018,M2 % exact (=) among P reports,20032,31379,63.83887313171229
PMC full-texts,meta,2018,M3 % articles with >=1 P<=.05,2390,2570,92.99610894941634
PMC full-texts,meta,2018,M4 % articles with >=1 P<=.005,1672,2570,65.05836575875486
PMC full-texts,meta,2019,M1 % articles reporting P,3196,3714,86.0527732902531
PMC full-texts,meta,2019,M2 % exact (=) among P reports,25020,39480,63.37386018237082
PMC full-texts,meta,2019,M3 % articles with >=1 P<=.05,2967,3196,92.83479349186483
PMC full-texts,meta,2019,M4 % articles with >=1 P<=.005,2128,3196,66.58322903629536
PMC full-texts,meta,2020,M1 % articles reporting P,4069,4716,86.28074639525022
PMC full-texts,meta,2020,M2 % exact (=) among P reports,30282,50515,59.94655052954568
PMC full-texts,meta,2020,M3 % articles with >=1 P<=.05,3809,4069,93.61022364217253
PMC full-texts,meta,2020,M4 % articles with >=1 P<=.005,2713,4069,66.67485868763823
PMC full-texts,meta,2021,M1 % articles reporting P,4834,5738,84.24538166608575
PMC full-texts,meta,2021,M2 % exact (=) among P reports,37492,61703,60.76203750222842
PMC full-texts,meta,2021,M3 % articles with >=1 P<=.05,4511,4834,93.31816301199835
PMC full-texts,meta,2021,M4 % articles with >=1 P<=.005,3230,4834,66.81836988001655
PMC full-texts,meta,2022,M1 % articles reporting P,5832,6757,86.3104928222584
PMC full-texts,meta,2022,M2 % exact (=) among P reports,45366,75517,60.07389064713905
PMC full-texts,meta,2022,M3 % articles with >=1 P<=.05,5454,5832,93.51851851851852
PMC full-texts,meta,2022,M4 % articles with >=1 P<=.005,3955,5832,67.81550068587106
PMC full-texts,meta,2023,M1 % articles reporting P,5749,6623,86.80356333987619
PMC full-texts,meta,2023,M2 % exact (=) among P reports,46453,77630,59.83897977585985
PMC full-texts,meta,2023,M3 % articles with >=1 P<=.05,5417,5749,94.22508262306488
PMC full-texts,meta,2023,M4 % articles with >=1 P<=.005,3860,5749,67.14211167159506
PMC full-texts,meta,2024,M1 % articles reporting P,6034,6825,88.41025641025641
PMC full-texts,meta,2024,M2 % exact (=) among P reports,50616,84889,59.62609996583774
PMC full-texts,meta,2024,M3 % articles with >=1 P<=.05,5686,6034,94.23268147166058
PMC full-texts,meta,2024,M4 % articles with >=1 P<=.005,4156,6034,68.87636725223732
PMC full-texts,meta,2025,M1 % articles reporting P,4588,5165,88.82865440464666
PMC full-texts,meta,2025,M2 % exact (=) among P reports,40325,67640,59.61709047900651
PMC full-texts,meta,2025,M3 % articles with >=1 P<=.05,4313,4588,94.00610287707062
PMC full-texts,meta,2025,M4 % articles with >=1 P<=.005,3165,4588,68.9843068875327
PMC full-texts,review,1990,M1 % articles reporting P,0,2,
PMC full-texts,review,1990,M2 % exact (=) among P reports,0,0,
PMC full-texts,review,1990,M3 % articles with >=1 P<=.05,0,0,
PMC full-texts,review,1990,M4 % articles with >=1 P<=.005,0,0,
PMC full-texts,review,1991,M1 % articles reporting P,0,3,
PMC full-texts,review,1991,M2 % exact (=) among P reports,0,0,
PMC full-texts,review,1991,M3 % articles with >=1 P<=.05,0,0,
PMC full-texts,review,1991,M4 % articles with >=1 P<=.005,0,0,
PMC full-texts,review,1992,M1 % articles reporting P,0,3,
PMC full-texts,review,1992,M2 % exact (=) among P reports,0,0,
PMC full-texts,review,1992,M3 % articles with >=1 P<=.05,0,0,
PMC full-texts,review,1992,M4 % articles with >=1 P<=.005,0,0,
PMC full-texts,review,1993,M1 % articles reporting P,0,9,
PMC full-texts,review,1993,M2 % exact (=) among P reports,0,0,
PMC full-texts,review,1993,M3 % articles with >=1 P<=.05,0,0,
PMC full-texts,review,1993,M4 % articles with >=1 P<=.005,0,0,
PMC full-texts,review,1994,M1 % articles reporting P,3,20,
PMC full-texts,review,1994,M2 % exact (=) among P reports,2,6,
PMC full-texts,review,1994,M3 % articles with >=1 P<=.05,2,3,
PMC full-texts,review,1994,M4 % articles with >=1 P<=.005,2,3,
PMC full-texts,review,1995,M1 % articles reporting P,2,10,
PMC full-texts,review,1995,M2 % exact (=) among P reports,0,11,
PMC full-texts,review,1995,M3 % articles with >=1 P<=.05,2,2,
PMC full-texts,review,1995,M4 % articles with >=1 P<=.005,1,2,
PMC full-texts,review,1996,M1 % articles reporting P,1,14,
PMC full-texts,review,1996,M2 % exact (=) among P reports,0,1,
PMC full-texts,review,1996,M3 % articles with >=1 P<=.05,1,1,
PMC full-texts,review,1996,M4 % articles with >=1 P<=.005,1,1,
PMC full-texts,review,1997,M1 % articles reporting P,1,89,1.1235955056179776
PMC full-texts,review,1997,M2 % exact (=) among P reports,1,2,
PMC full-texts,review,1997,M3 % articles with >=1 P<=.05,1,1,
PMC full-texts,review,1997,M4 % articles with >=1 P<=.005,0,1,
PMC full-texts,review,1998,M1 % articles reporting P,2,96,2.0833333333333335
PMC full-texts,review,1998,M2 % exact (=) among P reports,1,3,
PMC full-texts,review,1998,M3 % articles with >=1 P<=.05,1,2,
PMC full-texts,review,1998,M4 % articles with >=1 P<=.005,0,2,
PMC full-texts,review,1999,M1 % articles reporting P,2,118,1.694915254237288
PMC full-texts,review,1999,M2 % exact (=) among P reports,3,4,
PMC full-texts,review,1999,M3 % articles with >=1 P<=.05,2,2,
PMC full-texts,review,1999,M4 % articles with >=1 P<=.005,1,2,
PMC full-texts,review,2000,M1 % articles reporting P,24,322,7.453416149068323
PMC full-texts,review,2000,M2 % exact (=) among P reports,67,112,59.82142857142857
PMC full-texts,review,2000,M3 % articles with >=1 P<=.05,24,24,
PMC full-texts,review,2000,M4 % articles with >=1 P<=.005,16,24,
PMC full-texts,review,2001,M1 % articles reporting P,19,303,6.270627062706271
PMC full-texts,review,2001,M2 % exact (=) among P reports,27,93,29.032258064516128
PMC full-texts,review,2001,M3 % articles with >=1 P<=.05,19,19,
PMC full-texts,review,2001,M4 % articles with >=1 P<=.005,12,19,
PMC full-texts,review,2002,M1 % articles reporting P,49,390,12.564102564102564
PMC full-texts,review,2002,M2 % exact (=) among P reports,162,268,60.44776119402985
PMC full-texts,review,2002,M3 % articles with >=1 P<=.05,48,49,
PMC full-texts,review,2002,M4 % articles with >=1 P<=.005,31,49,
PMC full-texts,review,2003,M1 % articles reporting P,57,498,11.44578313253012
PMC full-texts,review,2003,M2 % exact (=) among P reports,111,226,49.11504424778761
PMC full-texts,review,2003,M3 % articles with >=1 P<=.05,55,57,96.49122807017544
PMC full-texts,review,2003,M4 % articles with >=1 P<=.005,34,57,59.64912280701754
PMC full-texts,review,2004,M1 % articles reporting P,116,716,16.201117318435752
PMC full-texts,review,2004,M2 % exact (=) among P reports,314,634,49.526813880126184
PMC full-texts,review,2004,M3 % articles with >=1 P<=.05,112,116,96.55172413793103
PMC full-texts,review,2004,M4 % articles with >=1 P<=.005,68,116,58.62068965517241
PMC full-texts,review,2005,M1 % articles reporting P,119,784,15.178571428571429
PMC full-texts,review,2005,M2 % exact (=) among P reports,319,593,53.79426644182125
PMC full-texts,review,2005,M3 % articles with >=1 P<=.05,114,119,95.7983193277311
PMC full-texts,review,2005,M4 % articles with >=1 P<=.005,74,119,62.18487394957983
PMC full-texts,review,2006,M1 % articles reporting P,213,1323,16.099773242630384
PMC full-texts,review,2006,M2 % exact (=) among P reports,952,1700,56.0
PMC full-texts,review,2006,M3 % articles with >=1 P<=.05,203,213,95.30516431924883
PMC full-texts,review,2006,M4 % articles with >=1 P<=.005,144,213,67.6056338028169
PMC full-texts,review,2007,M1 % articles reporting P,253,1565,16.166134185303516
PMC full-texts,review,2007,M2 % exact (=) among P reports,977,1975,49.46835443037975
PMC full-texts,review,2007,M3 % articles with >=1 P<=.05,241,253,95.25691699604744
PMC full-texts,review,2007,M4 % articles with >=1 P<=.005,182,253,71.93675889328063
PMC full-texts,review,2008,M1 % articles reporting P,347,2058,16.86103012633625
PMC full-texts,review,2008,M2 % exact (=) among P reports,1169,2366,49.40828402366864
PMC full-texts,review,2008,M3 % articles with >=1 P<=.05,332,347,95.67723342939482
PMC full-texts,review,2008,M4 % articles with >=1 P<=.005,243,347,70.02881844380403
PMC full-texts,review,2009,M1 % articles reporting P,463,2546,18.18538884524745
PMC full-texts,review,2009,M2 % exact (=) among P reports,1966,3525,55.773049645390074
PMC full-texts,review,2009,M3 % articles with >=1 P<=.05,440,463,95.03239740820734
PMC full-texts,review,2009,M4 % articles with >=1 P<=.005,323,463,69.76241900647948
PMC full-texts,review,2010,M1 % articles reporting P,713,3812,18.704092339979013
PMC full-texts,review,2010,M2 % exact (=) among P reports,2927,5300,55.22641509433962
PMC full-texts,review,2010,M3 % articles with >=1 P<=.05,682,713,95.65217391304348
PMC full-texts,review,2010,M4 % articles with >=1 P<=.005,472,713,66.19915848527349
PMC full-texts,review,2011,M1 % articles reporting P,707,4439,15.927010587970264
PMC full-texts,review,2011,M2 % exact (=) among P reports,2614,4997,52.31138683209926
PMC full-texts,review,2011,M3 % articles with >=1 P<=.05,676,707,95.61527581329561
PMC full-texts,review,2011,M4 % articles with >=1 P<=.005,481,707,68.03394625176803
PMC full-texts,review,2012,M1 % articles reporting P,964,6045,15.947063688999172
PMC full-texts,review,2012,M2 % exact (=) among P reports,3915,7491,52.262715258309974
PMC full-texts,review,2012,M3 % articles with >=1 P<=.05,909,964,94.29460580912863
PMC full-texts,review,2012,M4 % articles with >=1 P<=.005,650,964,67.42738589211618
PMC full-texts,review,2013,M1 % articles reporting P,1709,10802,15.821144232549528
PMC full-texts,review,2013,M2 % exact (=) among P reports,6467,12821,50.440683254036344
PMC full-texts,review,2013,M3 % articles with >=1 P<=.05,1634,1709,95.61146869514336
PMC full-texts,review,2013,M4 % articles with >=1 P<=.005,1168,1709,68.34406085430076
PMC full-texts,review,2014,M1 % articles reporting P,2908,17325,16.784992784992784
PMC full-texts,review,2014,M2 % exact (=) among P reports,12007,22440,53.507130124777184
PMC full-texts,review,2014,M3 % articles with >=1 P<=.05,2774,2908,95.3920220082531
PMC full-texts,review,2014,M4 % articles with >=1 P<=.005,1935,2908,66.54057771664374
PMC full-texts,review,2015,M1 % articles reporting P,3265,19202,17.00343714196438
PMC full-texts,review,2015,M2 % exact (=) among P reports,13939,25370,54.94284588096176
PMC full-texts,review,2015,M3 % articles with >=1 P<=.05,3072,3265,94.08882082695253
PMC full-texts,review,2015,M4 % articles with >=1 P<=.005,2161,3265,66.18683001531393
PMC full-texts,review,2016,M1 % articles reporting P,3850,21393,17.996540924601504
PMC full-texts,review,2016,M2 % exact (=) among P reports,16747,30564,54.793220782620075
PMC full-texts,review,2016,M3 % articles with >=1 P<=.05,3678,3850,95.53246753246754
PMC full-texts,review,2016,M4 % articles with >=1 P<=.005,2657,3850,69.01298701298701
PMC full-texts,review,2017,M1 % articles reporting P,4248,24074,17.645592755670016
PMC full-texts,review,2017,M2 % exact (=) among P reports,19985,35724,55.9427835628709
PMC full-texts,review,2017,M3 % articles with >=1 P<=.05,4036,4248,95.00941619585687
PMC full-texts,review,2017,M4 % articles with >=1 P<=.005,2902,4248,68.31450094161958
PMC full-texts,review,2018,M1 % articles reporting P,4835,28490,16.97086697086697
PMC full-texts,review,2018,M2 % exact (=) among P reports,23109,41717,55.39468322266702
PMC full-texts,review,2018,M3 % articles with >=1 P<=.05,4577,4835,94.66390899689762
PMC full-texts,review,2018,M4 % articles with >=1 P<=.005,3283,4835,67.90072388831437
PMC full-texts,review,2019,M1 % articles reporting P,5656,32879,17.202469661486056
PMC full-texts,review,2019,M2 % exact (=) among P reports,27952,49237,56.77031500700693
PMC full-texts,review,2019,M3 % articles with >=1 P<=.05,5300,5656,93.70579915134371
PMC full-texts,review,2019,M4 % articles with >=1 P<=.005,3810,5656,67.36209335219236
PMC full-texts,review,2020,M1 % articles reporting P,8690,52232,16.637310461020064
PMC full-texts,review,2020,M2 % exact (=) among P reports,41556,73344,56.65903141361257
PMC full-texts,review,2020,M3 % articles with >=1 P<=.05,8169,8690,94.00460299194476
PMC full-texts,review,2020,M4 % articles with >=1 P<=.005,5957,8690,68.55005753739931
PMC full-texts,review,2021,M1 % articles reporting P,12993,73226,17.743697593750852
PMC full-texts,review,2021,M2 % exact (=) among P reports,64474,115094,56.0185587432881
PMC full-texts,review,2021,M3 % articles with >=1 P<=.05,12305,12993,94.70484106826753
PMC full-texts,review,2021,M4 % articles with >=1 P<=.005,8881,12993,68.35218964057569
PMC full-texts,review,2022,M1 % articles reporting P,14845,77880,19.061376476630713
PMC full-texts,review,2022,M2 % exact (=) among P reports,78402,139859,56.057886871778
PMC full-texts,review,2022,M3 % articles with >=1 P<=.05,14066,14845,94.7524418996295
PMC full-texts,review,2022,M4 % articles with >=1 P<=.005,10038,14845,67.61872684405523
PMC full-texts,review,2023,M1 % articles reporting P,14539,71057,20.46103832134765
PMC full-texts,review,2023,M2 % exact (=) among P reports,79540,142367,55.86968890262491
PMC full-texts,review,2023,M3 % articles with >=1 P<=.05,13787,14539,94.82770479400234
PMC full-texts,review,2023,M4 % articles with >=1 P<=.005,9998,14539,68.76676525208062
PMC full-texts,review,2024,M1 % articles reporting P,13276,65442,20.286666055438403
PMC full-texts,review,2024,M2 % exact (=) among P reports,71080,126503,56.18839078915124
PMC full-texts,review,2024,M3 % articles with >=1 P<=.05,12601,13276,94.91563724013257
PMC full-texts,review,2024,M4 % articles with >=1 P<=.005,9033,13276,68.04007231093703
PMC full-texts,review,2025,M1 % articles reporting P,8673,41287,21.00661225082956
PMC full-texts,review,2025,M2 % exact (=) among P reports,47066,85442,55.085321036492594
PMC full-texts,review,2025,M3 % articles with >=1 P<=.05,8216,8673,94.73077366539836
PMC full-texts,review,2025,M4 % articles with >=1 P<=.005,5895,8673,67.96956070563819
PMC full-texts,CUJ,1990,M1 % articles reporting P,0,0,
PMC full-texts,CUJ,1990,M2 % exact (=) among P reports,0,0,
PMC full-texts,CUJ,1990,M3 % articles with >=1 P<=.05,0,0,
PMC full-texts,CUJ,1990,M4 % articles with >=1 P<=.005,0,0,
PMC full-texts,CUJ,1991,M1 % articles reporting P,0,0,
PMC full-texts,CUJ,1991,M2 % exact (=) among P reports,0,0,
PMC full-texts,CUJ,1991,M3 % articles with >=1 P<=.05,0,0,
PMC full-texts,CUJ,1991,M4 % articles with >=1 P<=.005,0,0,
PMC full-texts,CUJ,1992,M1 % articles reporting P,0,1,
PMC full-texts,CUJ,1992,M2 % exact (=) among P reports,0,0,
PMC full-texts,CUJ,1992,M3 % articles with >=1 P<=.05,0,0,
PMC full-texts,CUJ,1992,M4 % articles with >=1 P<=.005,0,0,
PMC full-texts,CUJ,1993,M1 % articles reporting P,0,0,
PMC full-texts,CUJ,1993,M2 % exact (=) among P reports,0,0,
PMC full-texts,CUJ,1993,M3 % articles with >=1 P<=.05,0,0,
PMC full-texts,CUJ,1993,M4 % articles with >=1 P<=.005,0,0,
PMC full-texts,CUJ,1994,M1 % articles reporting P,0,0,
PMC full-texts,CUJ,1994,M2 % exact (=) among P reports,0,0,
PMC full-texts,CUJ,1994,M3 % articles with >=1 P<=.05,0,0,
PMC full-texts,CUJ,1994,M4 % articles with >=1 P<=.005,0,0,
PMC full-texts,CUJ,1995,M1 % articles reporting P,2,4,
PMC full-texts,CUJ,1995,M2 % exact (=) among P reports,0,11,
PMC full-texts,CUJ,1995,M3 % articles with >=1 P<=.05,2,2,
PMC full-texts,CUJ,1995,M4 % articles with >=1 P<=.005,1,2,
PMC full-texts,CUJ,1996,M1 % articles reporting P,0,8,
PMC full-texts,CUJ,1996,M2 % exact (=) among P reports,0,0,
PMC full-texts,CUJ,1996,M3 % articles with >=1 P<=.05,0,0,
PMC full-texts,CUJ,1996,M4 % articles with >=1 P<=.005,0,0,
PMC full-texts,CUJ,1997,M1 % articles reporting P,1,7,
PMC full-texts,CUJ,1997,M2 % exact (=) among P reports,0,1,
PMC full-texts,CUJ,1997,M3 % articles with >=1 P<=.05,1,1,
PMC full-texts,CUJ,1997,M4 % articles with >=1 P<=.005,0,1,
PMC full-texts,CUJ,1998,M1 % articles reporting P,4,6,
PMC full-texts,CUJ,1998,M2 % exact (=) among P reports,13,44,
PMC full-texts,CUJ,1998,M3 % articles with >=1 P<=.05,4,4,
PMC full-texts,CUJ,1998,M4 % articles with >=1 P<=.005,1,4,
PMC full-texts,CUJ,1999,M1 % articles reporting P,3,10,
PMC full-texts,CUJ,1999,M2 % exact (=) among P reports,10,14,
PMC full-texts,CUJ,1999,M3 % articles with >=1 P<=.05,3,3,
PMC full-texts,CUJ,1999,M4 % articles with >=1 P<=.005,1,3,
PMC full-texts,CUJ,2000,M1 % articles reporting P,6,11,
PMC full-texts,CUJ,2000,M2 % exact (=) among P reports,4,14,
PMC full-texts,CUJ,2000,M3 % articles with >=1 P<=.05,6,6,
PMC full-texts,CUJ,2000,M4 % articles with >=1 P<=.005,2,6,
PMC full-texts,CUJ,2001,M1 % articles reporting P,4,12,
PMC full-texts,CUJ,2001,M2 % exact (=) among P reports,23,49,
PMC full-texts,CUJ,2001,M3 % articles with >=1 P<=.05,4,4,
PMC full-texts,CUJ,2001,M4 % articles with >=1 P<=.005,3,4,
PMC full-texts,CUJ,2002,M1 % articles reporting P,377,618,61.003236245954696
PMC full-texts,CUJ,2002,M2 % exact (=) among P reports,1697,2920,58.11643835616438
PMC full-texts,CUJ,2002,M3 % articles with >=1 P<=.05,359,377,95.22546419098143
PMC full-texts,CUJ,2002,M4 % articles with >=1 P<=.005,234,377,62.06896551724138
PMC full-texts,CUJ,2003,M1 % articles reporting P,468,918,50.98039215686274
PMC full-texts,CUJ,2003,M2 % exact (=) among P reports,2236,4080,54.80392156862745
PMC full-texts,CUJ,2003,M3 % articles with >=1 P<=.05,450,468,96.15384615384616
PMC full-texts,CUJ,2003,M4 % articles with >=1 P<=.005,307,468,65.5982905982906
PMC full-texts,CUJ,2004,M1 % articles reporting P,506,958,52.81837160751566
PMC full-texts,CUJ,2004,M2 % exact (=) among P reports,2406,4051,59.39274253270797
PMC full-texts,CUJ,2004,M3 % articles with >=1 P<=.05,475,506,93.87351778656127
PMC full-texts,CUJ,2004,M4 % articles with >=1 P<=.005,336,506,66.40316205533597
PMC full-texts,CUJ,2005,M1 % articles reporting P,411,730,56.3013698630137
PMC full-texts,CUJ,2005,M2 % exact (=) among P reports,1877,3021,62.13174445547832
PMC full-texts,CUJ,2005,M3 % articles with >=1 P<=.05,390,411,94.8905109489051
PMC full-texts,CUJ,2005,M4 % articles with >=1 P<=.005,251,411,61.070559610705594
PMC full-texts,CUJ,2006,M1 % articles reporting P,424,750,56.53333333333333
PMC full-texts,CUJ,2006,M2 % exact (=) among P reports,2190,3434,63.774024461269654
PMC full-texts,CUJ,2006,M3 % articles with >=1 P<=.05,394,424,92.9245283018868
PMC full-texts,CUJ,2006,M4 % articles with >=1 P<=.005,275,424,64.85849056603773
PMC full-texts,CUJ,2007,M1 % articles reporting P,551,985,55.93908629441624
PMC full-texts,CUJ,2007,M2 % exact (=) among P reports,2409,4319,55.77680018522806
PMC full-texts,CUJ,2007,M3 % articles with >=1 P<=.05,530,551,96.18874773139746
PMC full-texts,CUJ,2007,M4 % articles with >=1 P<=.005,352,551,63.883847549909255
PMC full-texts,CUJ,2008,M1 % articles reporting P,1052,1765,59.60339943342776
PMC full-texts,CUJ,2008,M2 % exact (=) among P reports,5408,9763,55.392809587217045
PMC full-texts,CUJ,2008,M3 % articles with >=1 P<=.05,1006,1052,95.62737642585552
PMC full-texts,CUJ,2008,M4 % articles with >=1 P<=.005,726,1052,69.01140684410646
PMC full-texts,CUJ,2009,M1 % articles reporting P,1468,2244,65.41889483065954
PMC full-texts,CUJ,2009,M2 % exact (=) among P reports,8081,13898,58.145056842711185
PMC full-texts,CUJ,2009,M3 % articles with >=1 P<=.05,1402,1468,95.50408719346049
PMC full-texts,CUJ,2009,M4 % articles with >=1 P<=.005,1030,1468,70.16348773841962
PMC full-texts,CUJ,2010,M1 % articles reporting P,1585,2381,66.56866862662747
PMC full-texts,CUJ,2010,M2 % exact (=) among P reports,8520,15130,56.311962987442165
PMC full-texts,CUJ,2010,M3 % articles with >=1 P<=.05,1516,1585,95.64668769716089
PMC full-texts,CUJ,2010,M4 % articles with >=1 P<=.005,1139,1585,71.86119873817034
PMC full-texts,CUJ,2011,M1 % articles reporting P,1724,2625,65.67619047619047
PMC full-texts,CUJ,2011,M2 % exact (=) among P reports,9563,16635,57.48722572888488
PMC full-texts,CUJ,2011,M3 % articles with >=1 P<=.05,1651,1724,95.76566125290023
PMC full-texts,CUJ,2011,M4 % articles with >=1 P<=.005,1215,1724,70.47563805104409
PMC full-texts,CUJ,2012,M1 % articles reporting P,1842,2834,64.99647141848976
PMC full-texts,CUJ,2012,M2 % exact (=) among P reports,10342,17799,58.10438788695994
PMC full-texts,CUJ,2012,M3 % articles with >=1 P<=.05,1747,1842,94.84256243213898
PMC full-texts,CUJ,2012,M4 % articles with >=1 P<=.005,1276,1842,69.27252985884908
PMC full-texts,CUJ,2013,M1 % articles reporting P,2472,3865,63.95860284605433
PMC full-texts,CUJ,2013,M2 % exact (=) among P reports,14434,25621,56.33659888372819
PMC full-texts,CUJ,2013,M3 % articles with >=1 P<=.05,2368,2472,95.79288025889967
PMC full-texts,CUJ,2013,M4 % articles with >=1 P<=.005,1692,2472,68.44660194174757
PMC full-texts,CUJ,2014,M1 % articles reporting P,2646,4083,64.8052902277737
PMC full-texts,CUJ,2014,M2 % exact (=) among P reports,15394,27767,55.439910685345914
PMC full-texts,CUJ,2014,M3 % articles with >=1 P<=.05,2531,2646,95.65381708238851
PMC full-texts,CUJ,2014,M4 % articles with >=1 P<=.005,1822,2646,68.85865457294028
PMC full-texts,CUJ,2015,M1 % articles reporting P,3847,5830,65.98627787307032
PMC full-texts,CUJ,2015,M2 % exact (=) among P reports,23711,42550,55.72502937720329
PMC full-texts,CUJ,2015,M3 % articles with >=1 P<=.05,3715,3847,96.56875487392773
PMC full-texts,CUJ,2015,M4 % articles with >=1 P<=.005,2720,3847,70.70444502209514
PMC full-texts,CUJ,2016,M1 % articles reporting P,4867,7337,66.3350143110263
PMC full-texts,CUJ,2016,M2 % exact (=) among P reports,29353,52210,56.22103045393603
PMC full-texts,CUJ,2016,M3 % articles with >=1 P<=.05,4694,4867,96.4454489418533
PMC full-texts,CUJ,2016,M4 % articles with >=1 P<=.005,3387,4867,69.59112389562358
PMC full-texts,CUJ,2017,M1 % articles reporting P,4720,7990,59.073842302878596
PMC full-texts,CUJ,2017,M2 % exact (=) among P reports,26102,48274,54.070514148402864
PMC full-texts,CUJ,2017,M3 % articles with >=1 P<=.05,4518,4720,95.72033898305085
PMC full-texts,CUJ,2017,M4 % articles with >=1 P<=.005,3103,4720,65.74152542372882
PMC full-texts,CUJ,2018,M1 % articles reporting P,5149,8916,57.75011215791835
PMC full-texts,CUJ,2018,M2 % exact (=) among P reports,28103,50988,55.11689024868596
PMC full-texts,CUJ,2018,M3 % articles with >=1 P<=.05,4896,5149,95.08642454845601
PMC full-texts,CUJ,2018,M4 % articles with >=1 P<=.005,3262,5149,63.35210720528258
PMC full-texts,CUJ,2019,M1 % articles reporting P,5688,10152,56.02836879432624
PMC full-texts,CUJ,2019,M2 % exact (=) among P reports,34475,60603,56.88662277445011
PMC full-texts,CUJ,2019,M3 % articles with >=1 P<=.05,5384,5688,94.65541490857946
PMC full-texts,CUJ,2019,M4 % articles with >=1 P<=.005,3687,5688,64.82067510548524
PMC full-texts,CUJ,2020,M1 % articles reporting P,7965,17359,45.88397949190622
PMC full-texts,CUJ,2020,M2 % exact (=) among P reports,40500,72869,55.57919005338347
PMC full-texts,CUJ,2020,M3 % articles with >=1 P<=.05,7392,7965,92.8060263653484
PMC full-texts,CUJ,2020,M4 % articles with >=1 P<=.005,4930,7965,61.89579409918393
PMC full-texts,CUJ,2021,M1 % articles reporting P,9519,19099,49.84030577517147
PMC full-texts,CUJ,2021,M2 % exact (=) among P reports,49355,89031,55.435747099324956
PMC full-texts,CUJ,2021,M3 % articles with >=1 P<=.05,8889,9519,93.38165773715727
PMC full-texts,CUJ,2021,M4 % articles with >=1 P<=.005,6076,9519,63.830234268305496
PMC full-texts,CUJ,2022,M1 % articles reporting P,10029,18468,54.304743339831056
PMC full-texts,CUJ,2022,M2 % exact (=) among P reports,56560,102582,55.13637870191651
PMC full-texts,CUJ,2022,M3 % articles with >=1 P<=.05,9516,10029,94.88483398145378
PMC full-texts,CUJ,2022,M4 % articles with >=1 P<=.005,6640,10029,66.20799680925316
PMC full-texts,CUJ,2023,M1 % articles reporting P,7937,13801,57.51032533874357
PMC full-texts,CUJ,2023,M2 % exact (=) among P reports,43386,82688,52.469523993808046
PMC full-texts,CUJ,2023,M3 % articles with >=1 P<=.05,7586,7937,95.57767418420057
PMC full-texts,CUJ,2023,M4 % articles with >=1 P<=.005,5244,7937,66.07030364117425
PMC full-texts,CUJ,2024,M1 % articles reporting P,7222,11967,60.349293891535055
PMC full-texts,CUJ,2024,M2 % exact (=) among P reports,41698,79813,52.2446218034656
PMC full-texts,CUJ,2024,M3 % articles with >=1 P<=.05,6951,7222,96.24757684851842
PMC full-texts,CUJ,2024,M4 % articles with >=1 P<=.005,4771,7222,66.06203267792856
PMC full-texts,CUJ,2025,M1 % articles reporting P,6659,11252,59.18059011731248
PMC full-texts,CUJ,2025,M2 % exact (=) among P reports,41573,76550,54.308295231874595
PMC full-texts,CUJ,2025,M3 % articles with >=1 P<=.05,6364,6659,95.56990539119988
PMC full-texts,CUJ,2025,M4 % articles with >=1 P<=.005,4508,6659,67.69785253040997
